eval_date,eval_year,province,n_children,dose1,dose2,dose3,dose1_on_schedule,dose2_on_schedule,dose3_on_schedule,dose_1_cov,dose_2_cov,dose_3_cov,dose_1_on_schedule_cov,dose_2_on_schedule_cov,dose_3_on_schedule_cov
2019-12-31,2019,An Giang,213057,177557,156411,114952,75164,44319,5549,0.833377922340031,0.7341274870105183,0.5395363682019366,0.35278822099250434,0.20801475661442712,0.02604467349113148
2020-12-31,2020,An Giang,226746,195000,175005,129906,83300,48312,6521,0.8599931200550396,0.7718107485909343,0.5729141859172819,0.36737142000299894,0.21306660315948242,0.02875905197886622
2021-12-31,2021,An Giang,222549,188949,169661,133795,84029,50656,7604,0.8490220131296928,0.7623534592381902,0.60119344503907,0.377575275557293,0.22761728877685364,0.03416775631433976
2022-12-31,2022,An Giang,202021,176051,161592,132559,83133,51925,8590,0.8714490077764193,0.7998772404849,0.6561644581503903,0.411506724548438,0.25702773474044777,0.04252033204468842
2023-12-31,2023,An Giang,163726,141865,130422,108555,68333,43234,7539,0.8664781403075871,0.7965869806872458,0.6630284744023551,0.4173619339628404,0.2640631298633082,0.04604644344820004
2019-12-31,2019,Bà Rịa - Vũng Tàu,144776,118458,89943,51577,40031,21986,2608,0.8182157263634856,0.6212562855721943,0.3562537989722053,0.2765030115488755,0.15186218710283472,0.018014035475493177
2020-12-31,2020,Bà Rịa - Vũng Tàu,141938,119216,93459,50555,38650,19662,3013,0.8399160196705604,0.6584494638504136,0.35617664050500925,0.27230199101015934,0.13852527159745803,0.021227578238385773
2021-12-31,2021,Bà Rịa - Vũng Tàu,135471,112364,88201,48615,36454,18632,3405,0.8294321293856249,0.6510692325294712,0.35885909161370333,0.26909080172140165,0.13753497058411024,0.025134530637553425
2022-12-31,2022,Bà Rịa - Vũng Tàu,119398,102626,80682,45654,34660,18201,3633,0.8595286353205246,0.6757399621434195,0.3823682138729292,0.290289619591618,0.15243973935911825,0.03042764535419354
2023-12-31,2023,Bà Rịa - Vũng Tàu,95795,82106,64550,36725,29093,15553,3328,0.8571011013100892,0.673834751291821,0.3833707396001879,0.30370061067905424,0.16235711675974737,0.03474085286288429
2019-12-31,2019,Bình Dương,241471,163748,132956,91766,73473,45066,8107,0.6781269800514348,0.5506085616906378,0.38002907181400664,0.3042725627508065,0.1866311068409871,0.03357338976523061
2020-12-31,2020,Bình Dương,258221,194983,158873,108591,87248,53834,10520,0.7551012504792407,0.6152597968406908,0.4205351230147819,0.3378811173374745,0.20848033273823585,0.040740296102950574
2021-12-31,2021,Bình Dương,251514,196384,160619,111292,89521,55663,12153,0.7808074302026925,0.638608586400757,0.44248829091024755,0.35592849702203455,0.2213117361260208,0.048319377847754
2022-12-31,2022,Bình Dương,218181,177673,144361,96957,80499,50360,12144,0.8143376370994725,0.6616570645473254,0.4443879164546867,0.3689551335817509,0.23081753223241253,0.05566020872578272
2023-12-31,2023,Bình Dương,167531,135818,108598,69663,59360,36624,10046,0.8107036906602361,0.6482262984164124,0.4158215494445804,0.35432248360005014,0.2186102870513517,0.05996502139902466
2019-12-31,2019,Bình Phước,129335,91082,78817,62214,41820,25283,3391,0.7042331928712259,0.6094019406966406,0.4810298836355202,0.323346348629528,0.1954845942706924,0.02621873429466115
2020-12-31,2020,Bình Phước,147397,111593,97156,77338,51470,31590,4654,0.7570913926335,0.6591450300888078,0.5246918186937319,0.34919299578688845,0.21431915167879945,0.031574591070374566
2021-12-31,2021,Bình Phước,146705,110415,95290,76374,50694,31386,5373,0.7526328346000477,0.6495347806823216,0.5205957533826386,0.3455505947309226,0.21393953852970246,0.03662451859173171
2022-12-31,2022,Bình Phước,133451,100895,86896,69520,47409,30129,5744,0.7560452900315472,0.6511453642160793,0.5209402702115383,0.3552539883552765,0.22576825951098156,0.04304201542139062
2023-12-31,2023,Bình Phước,107684,80027,68292,54105,37581,24064,4982,0.7431651870287136,0.6341889231454998,0.5024423312655548,0.34899335091564204,0.22346866758292783,0.046264997585528024
2019-12-31,2019,Bình Thuận,163481,119333,107689,88415,56773,34303,3807,0.7299502694502725,0.6587248671099394,0.5408273744349497,0.3472758302188022,0.2098286651048134,0.023287109817042958
2020-12-31,2020,Bình Thuận,187733,145147,131977,110070,68332,41430,4873,0.7731565574512739,0.7030037340265164,0.5863114103540666,0.3639850212802224,0.22068576116079752,0.025957077338560616
2021-12-31,2021,Bình Thuận,186754,140260,123698,102465,63477,38105,4900,0.7510414770232499,0.6623579682362895,0.5486629469783779,0.33989633421506366,0.2040384677168896,0.026237724493183547
2022-12-31,2022,Bình Thuận,170284,129038,111820,87878,55369,32999,4749,0.7577811186018651,0.6566676845740058,0.5160672758450588,0.3251567968805055,0.19378802471165818,0.027888703577552795
2023-12-31,2023,Bình Thuận,138147,103311,87879,67088,42072,24811,3881,0.7478338291819584,0.6361267345653543,0.48562762854061253,0.3045451584182067,0.17959854358038901,0.028093262973499244
2019-12-31,2019,Bình Định,9617,6942,4711,2816,2320,1219,149,0.7218467297494021,0.4898617032338567,0.2928148071124051,0.24123947176874286,0.1267547052095248,0.01549339710928564
2020-12-31,2020,Bình Định,11791,9823,7266,4533,3617,2096,347,0.8330930370621661,0.6162327198710881,0.3844457637180901,0.30675939275718767,0.17776270036468492,0.02942922568060385
2021-12-31,2021,Bình Định,12904,11359,8833,6025,4627,2877,549,0.8802696838189709,0.6845164290142591,0.4669094854308741,0.35857098574085555,0.22295412275263485,0.04254494730316181
2022-12-31,2022,Bình Định,12251,11122,8956,6425,4857,3181,672,0.9078442576116236,0.7310423638886622,0.52444698391968,0.3964574320463636,0.2596522732838136,0.0548526650885642
2023-12-31,2023,Bình Định,9888,9071,7445,5416,4082,2726,628,0.9173745954692557,0.7529328478964401,0.5477346278317152,0.41282362459546923,0.27568770226537215,0.06351132686084142
2019-12-31,2019,Bạc Liêu,103711,76823,69768,61933,39016,24473,3372,0.7407410978584721,0.6727155268004358,0.5971690563199661,0.376199245981622,0.2359730404682242,0.032513426733904796
2020-12-31,2020,Bạc Liêu,112024,85071,77522,68827,43262,27184,3750,0.7593997714775406,0.6920124259087338,0.6143951296150825,0.3861851031921731,0.2426622866528601,0.03347496964936085
2021-12-31,2021,Bạc Liêu,112878,84206,75373,66180,41004,25515,3695,0.7459912471872286,0.6677386204574851,0.5862967097220008,0.363259448253867,0.22604050390687291,0.032734456670033135
2022-12-31,2022,Bạc Liêu,101698,76666,68715,59923,36507,22668,3437,0.7538594662628567,0.6756770044641979,0.589224960176208,0.3589746111034632,0.22289523884442172,0.03379614151704065
2023-12-31,2023,Bạc Liêu,80805,60565,53823,46318,27816,17125,2722,0.7495204504671741,0.6660850194913681,0.5732071035208217,0.3442361240022276,0.21192995482952787,0.033686034280056926
2019-12-31,2019,Bắc Giang,244231,187212,177726,169518,141329,105958,9747,0.7665365985480959,0.7276963202869414,0.6940887929869672,0.5786693744856304,0.43384336959681613,0.03990893866871937
2020-12-31,2020,Bắc Giang,268629,225297,214537,205352,171015,128122,12767,0.8386920250605854,0.7986367815835222,0.7644446429834456,0.6366215114525982,0.4769477606661976,0.047526514263165925
2021-12-31,2021,Bắc Giang,263183,218653,207816,198806,162024,119616,14411,0.8308021414757032,0.7896254697301878,0.755390735723812,0.6156324686624896,0.4544974409441339,0.05475657622262836
2022-12-31,2022,Bắc Giang,240500,200103,190565,182346,146367,107475,15034,0.8320291060291061,0.7923700623700624,0.7581954261954262,0.6085945945945946,0.44688149688149686,0.06251143451143451
2023-12-31,2023,Bắc Giang,193646,158116,149752,142325,112343,81041,12612,0.8165208679755843,0.7733286512502194,0.7349751608605394,0.5801462462431447,0.4185007694452764,0.06512915319707094
2019-12-31,2019,Bắc Kạn,31629,27758,26716,25854,19380,14200,1186,0.8776123178096051,0.8446678680957349,0.8174143981788865,0.6127288248126719,0.44895507287615793,0.03749723355148756
2020-12-31,2020,Bắc Kạn,36272,32869,31793,30856,23329,17037,1462,0.906181076312307,0.8765163211292457,0.8506837229819144,0.6431682840758712,0.46970114689016323,0.040306572562858405
2021-12-31,2021,Bắc Kạn,34809,31644,30667,29815,22951,17143,1544,0.9090752391622856,0.881007785342871,0.856531356833003,0.6593409750351921,0.49248757505242896,0.044356344623516904
2022-12-31,2022,Bắc Kạn,31174,28695,27824,27075,20737,15419,1496,0.9204786039648425,0.8925386540065439,0.868512221723231,0.6652017707063579,0.4946108936934625,0.04798870853916726
2023-12-31,2023,Bắc Kạn,24739,22601,21842,21177,15929,11658,1178,0.9135777517280408,0.8828974493714378,0.8560168155543878,0.6438821294312623,0.4712397429160435,0.04761712276163143
2019-12-31,2019,Bắc Ninh,103801,90111,85350,81027,64160,47280,5392,0.8681130239593068,0.8222464138110422,0.7805994161905955,0.6181057985953893,0.45548694135894646,0.05194554965751775
2020-12-31,2020,Bắc Ninh,123069,112831,108070,103820,83380,62860,8968,0.9168108947013464,0.8781252793148558,0.8435918062225256,0.6775061144561181,0.5107703808432668,0.07286969098635725
2021-12-31,2021,Bắc Ninh,137017,128156,124215,120278,96877,74031,12918,0.9353291927279097,0.9065663384835458,0.8778326776969281,0.7070436515176949,0.5403052176007357,0.09428027179109162
2022-12-31,2022,Bắc Ninh,132723,126218,123335,119913,96555,74739,15064,0.950988148248608,0.929266216104217,0.903483194322009,0.7274925973644357,0.5631201826360164,0.113499544163408
2023-12-31,2023,Bắc Ninh,105412,100079,97706,94675,75542,58366,13730,0.9494080370356316,0.9268963685348917,0.8981425264675749,0.7166356771525063,0.5536940765757219,0.13025082533297916
2019-12-31,2019,Bến Tre,64949,52304,47066,39687,27997,17745,1938,0.8053087807356542,0.7246608877734838,0.6110486689556421,0.4310612942462548,0.273214368196585,0.029838796594250875
2020-12-31,2020,Bến Tre,82619,71535,65680,54740,39253,25259,2980,0.8658419976034568,0.7949745215991479,0.6625594596884494,0.47510863118653096,0.30572870647187694,0.03606918505428534
2021-12-31,2021,Bến Tre,99071,88035,82191,73853,50240,32869,4300,0.8886051417670155,0.8296171432608938,0.7454552795469915,0.5071110617637856,0.3317721633979671,0.043403215875483236
2022-12-31,2022,Bến Tre,104759,96169,91590,85527,58549,40423,5646,0.9180022718811749,0.8742924235626534,0.8164167279183651,0.5588923147414542,0.3858666081195888,0.05389513072862475
2023-12-31,2023,Bến Tre,87825,80374,76559,71441,48701,34244,5099,0.915160831198406,0.8717221747793908,0.813447196128665,0.5545231995445489,0.38991175633361796,0.058058639339595784
2019-12-31,2019,Cao Bằng,56906,44588,42294,40206,27333,19279,2439,0.7835377640319123,0.7432256704038238,0.7065335816961305,0.4803184198502794,0.3387867711664851,0.04286015534390047
2020-12-31,2020,Cao Bằng,61449,52995,50720,48697,32761,23142,2910,0.8624224967045843,0.825399925141174,0.7924783153509414,0.5331413041709385,0.3766049895034907,0.04735634428550505
2021-12-31,2021,Cao Bằng,59671,51941,49827,48014,32547,23476,2844,0.8704563355733941,0.8350287409294297,0.8046454726751688,0.5454408339059175,0.3934239412780077,0.04766134303095306
2022-12-31,2022,Cao Bằng,52910,47067,45250,43577,29297,21347,2515,0.8895671895671896,0.8552258552258553,0.8236061236061236,0.5537138537138537,0.40345870345870344,0.047533547533547535
2023-12-31,2023,Cao Bằng,41971,37382,35804,34326,22603,16295,1925,0.89066260036692,0.8530652116937886,0.8178504205284601,0.5385385146887136,0.38824426389649996,0.04586500202520788
2019-12-31,2019,Cà Mau,127449,92698,83415,67875,45401,28920,4208,0.7273340708832553,0.6544970929548289,0.532565967563496,0.3562287660162104,0.22691429512981665,0.03301712841999545
2020-12-31,2020,Cà Mau,146050,113064,102388,85021,56179,36037,5353,0.774145840465594,0.701047586442999,0.582136254707292,0.3846559397466621,0.24674426566244437,0.036651831564532694
2021-12-31,2021,Cà Mau,148897,113828,101298,83219,55043,35207,5402,0.7644747711505269,0.6803226391398081,0.5589031343814852,0.3696716522159614,0.23645204403043715,0.03628011309831629
2022-12-31,2022,Cà Mau,134636,103682,91477,74132,47824,30027,4792,0.770091208889153,0.679439377283936,0.5506105350723433,0.35520960218663655,0.2230235598205532,0.03559226358477673
2023-12-31,2023,Cà Mau,108065,81773,71226,57041,36292,22434,3823,0.7567019849164854,0.6591033174478323,0.5278397260907787,0.3358349141720261,0.20759727941516679,0.035376856521537964
2019-12-31,2019,Cần Thơ,120290,79211,68656,58202,44834,30229,4208,0.6585002909635048,0.5707540111397457,0.48384736885859175,0.3727159364868235,0.25130102252888853,0.0349821265275584
2020-12-31,2020,Cần Thơ,135902,96854,84676,72089,54986,37133,6092,0.712675310149961,0.6230666215361069,0.5304484113552412,0.40460037379876673,0.27323365366219776,0.04482641903724743
2021-12-31,2021,Cần Thơ,138105,98237,85473,72815,54980,37117,7331,0.7113210962673329,0.6188986640599544,0.5272437638029036,0.39810289272654864,0.2687592773614279,0.053082799319358456
2022-12-31,2022,Cần Thơ,126323,92701,81411,68125,51461,34911,7701,0.733841026574733,0.6444669616776042,0.5392921320741274,0.40737632893455666,0.27636297428021817,0.06096277004187678
2023-12-31,2023,Cần Thơ,99728,72840,63589,52265,38824,25882,6553,0.7303866516926039,0.6376243381999037,0.5240754853200706,0.3892988929889299,0.2595259104764961,0.06570872773945131
2019-12-31,2019,Gia Lai,193680,155346,140287,108898,58781,33443,3803,0.8020755885997521,0.7243236266005783,0.5622573316811235,0.3034954564229657,0.17267141676992978,0.019635481206113175
2020-12-31,2020,Gia Lai,218283,184650,168794,136988,70952,40859,4730,0.8459202045051607,0.7732805578079832,0.6275706307866393,0.3250459266181975,0.18718361026740515,0.021669117613373465
2021-12-31,2021,Gia Lai,211727,175358,155482,121047,63181,35800,4342,0.8282269148478938,0.7343513108861883,0.571712629943276,0.29840785539869735,0.16908566219707452,0.020507540370382615
2022-12-31,2022,Gia Lai,186864,155834,135354,102056,53444,29977,3977,0.8339434026885864,0.7243449781659389,0.5461512115763336,0.2860047949310729,0.1604214830036818,0.021282858121414505
2023-12-31,2023,Gia Lai,149302,121730,103515,75427,38335,20720,3004,0.8153273231436954,0.6933262782816038,0.5051975191223158,0.25676146334275496,0.13877911883296942,0.02012029309721236
2019-12-31,2019,Hà Giang,118109,81542,76193,71047,44819,30181,4838,0.6903961594798026,0.6451074854583478,0.6015375627598235,0.3794715051350871,0.25553514126781196,0.04096216207062967
2020-12-31,2020,Hà Giang,127190,99517,94205,89395,54407,36309,5509,0.7824278638257725,0.7406635741803601,0.7028461357024923,0.42776161647928296,0.28547055586130987,0.04331315354980737
2021-12-31,2021,Hà Giang,124995,99766,94407,89257,52143,34243,4745,0.7981599263970559,0.755286211448458,0.7140845633825353,0.4171606864274571,0.27395495819832794,0.037961518460738426
2022-12-31,2022,Hà Giang,112115,92805,87602,82360,45997,29375,3918,0.8277661329884494,0.7813584266155287,0.7346028631316059,0.41026624448111315,0.2620077598893993,0.03494626053605673
2023-12-31,2023,Hà Giang,89553,74090,69455,64728,33690,20695,2623,0.8273313010172747,0.7755742409522852,0.7227898562862216,0.3762018022846806,0.23109220238294642,0.029289917702366195
2019-12-31,2019,Hà Nam,89859,76302,72531,69071,55066,40577,4133,0.8491303041431576,0.8071645578072313,0.768659789225342,0.6128045048353532,0.45156300426223306,0.04599427992744188
2020-12-31,2020,Hà Nam,102576,92380,88314,84384,67840,50096,5785,0.9006005303384808,0.8609616284510997,0.8226485727655592,0.6613632818593044,0.4883793479956325,0.05639720792388083
2021-12-31,2021,Hà Nam,101121,91165,87287,83272,67680,50453,7304,0.9015436951770651,0.863193599746838,0.8234886917653109,0.6692971786275848,0.4989369171586515,0.07223029835543557
2022-12-31,2022,Hà Nam,92608,84008,80787,77084,62091,46504,8005,0.9071354526606773,0.8723544402211472,0.8323686938493434,0.6704712335867312,0.5021596406357982,0.08643961644782308
2023-12-31,2023,Hà Nam,74570,66894,64117,60743,48346,35836,6966,0.8970631621295427,0.8598229851146574,0.8145769076035939,0.6483304277859729,0.4805685932680703,0.09341558267399759
2019-12-31,2019,Hà Nội,764872,537957,493738,466798,420760,333874,81739,0.7033294459726595,0.6455171584265079,0.6102955788680982,0.5501051156271899,0.43650963821397565,0.10686624690144234
2020-12-31,2020,Hà Nội,742463,637077,598045,556873,509235,408386,113374,0.8580589201078034,0.8054879502412915,0.7500346818629345,0.6858725619997226,0.5500422243263301,0.15269986517846681
2021-12-31,2021,Hà Nội,791909,714882,681281,650249,590310,484647,150139,0.902732510932443,0.8603021306741052,0.8211158100236264,0.7454265578494499,0.6119983482950693,0.1895912282850681
2022-12-31,2022,Hà Nội,745854,692623,670375,643549,583956,489477,166996,0.928630804420168,0.8988019102934355,0.8628350856870112,0.7829360705982672,0.656263826432519,0.2238990472666232
2023-12-31,2023,Hà Nội,597255,552448,534634,510619,467357,393318,147472,0.9249784430435911,0.8951519870072248,0.8549430310336456,0.7825083088463052,0.6585428334630936,0.2469163087793321
2019-12-31,2019,Hà Tĩnh,166569,125628,116184,107168,81816,60292,5151,0.7542099670406859,0.6975127424670857,0.6433850236238435,0.49118383372656377,0.36196411096902786,0.03092412153521964
2020-12-31,2020,Hà Tĩnh,184622,153053,142183,133016,97172,70343,6506,0.8290073772356491,0.7701303203301881,0.7204775162223354,0.5263294731938772,0.3810109304416592,0.035239570582054146
2021-12-31,2021,Hà Tĩnh,181367,152620,141620,131447,91120,62894,7086,0.8414981777280321,0.7808476735017947,0.7247569844569298,0.5024067222813412,0.346777528436816,0.03906995208610166
2022-12-31,2022,Hà Tĩnh,163145,139704,129725,120083,79969,54301,7425,0.8563179993257531,0.7951515523001011,0.7360507523981734,0.49017131999141866,0.3328388856538662,0.04551166140549818
2023-12-31,2023,Hà Tĩnh,129176,109615,101201,92967,57974,38006,5888,0.8485709419706448,0.7834350034062055,0.7196925125410293,0.448798538428191,0.2942187403232799,0.04558122251811482
2019-12-31,2019,Hoà Bình,78399,69788,68131,66195,45709,32409,3194,0.8901644153624408,0.8690289416956849,0.844334749167719,0.5830303957958648,0.4133853748134543,0.040740315565249555
2020-12-31,2020,Hoà Bình,74943,69497,68136,66997,45433,32280,3234,0.9273314385599722,0.9091709699371522,0.8939727526253286,0.6062340712274662,0.43072735278811897,0.04315279612505504
2021-12-31,2021,Hoà Bình,58133,53529,52338,51311,33961,24136,2613,0.9208022981783153,0.9003147953830011,0.8826484096812481,0.5841948635026577,0.4151858668914386,0.04494865222851049
2022-12-31,2022,Hoà Bình,42706,38724,37700,36789,23073,16447,1928,0.9067578326230507,0.882779937245352,0.8614480400880439,0.5402753711422282,0.3851215285908303,0.0451458811408233
2023-12-31,2023,Hoà Bình,25539,22609,21918,21237,10804,7274,1074,0.8852735032695094,0.8582168448255609,0.8315517443909315,0.4230392732683347,0.28481929597869926,0.04205333020086926
2019-12-31,2019,Hưng Yên,130573,115099,109678,104016,72689,48816,5222,0.8814915794230047,0.8399745736101645,0.7966118569688986,0.5566924249270523,0.37385983319675586,0.03999295413293713
2020-12-31,2020,Hưng Yên,150271,137620,131758,125855,89282,61097,7852,0.9158120994736176,0.8768025766781349,0.8375202134809777,0.5941399205435514,0.4065787810023225,0.0522522642426017
2021-12-31,2021,Hưng Yên,146187,134211,129131,123524,91292,64622,10690,0.9180775308337951,0.8833275188628263,0.8449725351775466,0.6244878135538727,0.4420502507062872,0.07312551731686127
2022-12-31,2022,Hưng Yên,131819,122295,118071,112800,84834,61921,12320,0.9277494139691547,0.895705474931535,0.8557188265728006,0.6435642813251504,0.46974260159764525,0.09346148885972431
2023-12-31,2023,Hưng Yên,104301,96215,92764,88319,66862,49283,11224,0.9224743770433649,0.8893874459497033,0.8467704048858592,0.6410485038494358,0.47250745438682273,0.1076116240496256
2019-12-31,2019,Hải Dương,203876,163053,153935,146007,108893,75940,9101,0.7997655437618945,0.7550422806019345,0.7161558986835135,0.5341138731385744,0.37248131217014263,0.044639879142223705
2020-12-31,2020,Hải Dương,220778,195028,185576,176799,133251,93557,13451,0.8833670021469531,0.8405547654204676,0.8007998985406155,0.6035519843462663,0.42376051961699085,0.06092545452898387
2021-12-31,2021,Hải Dương,214069,192965,184916,177662,137439,99956,17776,0.9014149643339298,0.8638149381741401,0.8299286678594285,0.6420313076624826,0.4669335588058056,0.0830386464177438
2022-12-31,2022,Hải Dương,193437,176211,170124,164012,127777,94673,19535,0.9109477504303727,0.8794801408210425,0.8478832901668243,0.6605613197061576,0.48942549770726385,0.10098895247548298
2023-12-31,2023,Hải Dương,153655,139834,135109,129954,100705,74713,17623,0.910051739286063,0.8793010315316782,0.8457518466694869,0.6553968305619733,0.4862386515245192,0.11469200481598386
2019-12-31,2019,Hải Phòng,206772,162594,150627,139504,107500,75716,8634,0.7863443793163485,0.7284690383610933,0.6746754879770955,0.5198963109125027,0.36618110769349815,0.04175613719459114
2020-12-31,2020,Hải Phòng,243607,199780,185827,172729,133839,94701,13678,0.820091376684578,0.7628146974430127,0.709047769563272,0.5494053947546663,0.3887449868025139,0.05614781184448723
2021-12-31,2021,Hải Phòng,242586,197307,183486,170657,134460,97591,18765,0.8133486681012094,0.7563750587420544,0.7034907208165352,0.5542776582325444,0.4022944440322195,0.07735401053646954
2022-12-31,2022,Hải Phòng,223951,181793,169424,156988,124046,91788,21388,0.811753463927377,0.7565226321829329,0.7009926278516283,0.5538979508910431,0.40985751347392957,0.09550303414586227
2023-12-31,2023,Hải Phòng,183222,145571,134760,123561,96954,71483,19440,0.7945061182609076,0.7355011952713102,0.6743786226544847,0.5291613452532993,0.39014419665760663,0.10610079575596817
2019-12-31,2019,Hậu Giang,80250,60448,54578,48709,37760,26628,2298,0.7532461059190031,0.6800996884735202,0.6069657320872274,0.47052959501557634,0.33181308411214955,0.028635514018691587
2020-12-31,2020,Hậu Giang,96470,74680,67485,60717,45535,31533,3076,0.7741266715040945,0.6995438996579247,0.629387374313258,0.47201202446356383,0.32686845651497876,0.03188556027780657
2021-12-31,2021,Hậu Giang,99969,75128,66669,59415,42625,28170,3183,0.7515129690203963,0.6668967379887765,0.5943342436155208,0.42638217847532733,0.28178735407976474,0.03183987035981154
2022-12-31,2022,Hậu Giang,91905,69174,60697,53329,36538,23353,3242,0.7526685164028073,0.6604319677928295,0.5802622272999293,0.39756270061476523,0.25409934171154996,0.035275556280942276
2023-12-31,2023,Hậu Giang,75325,55017,47593,41296,27249,16777,2684,0.7303949551941586,0.6318353800199137,0.5482376369067374,0.3617524062396283,0.22272817789578495,0.03563226020577497
2019-12-31,2019,Khánh Hòa,141351,95052,83090,63140,46134,28472,3512,0.6724536791391642,0.587827464963106,0.44668944683801315,0.3263790139440117,0.20142765173221272,0.024845950859916095
2020-12-31,2020,Khánh Hòa,160265,119111,103824,80181,57813,35723,4952,0.7432128037937167,0.6478270364708452,0.5003026237793654,0.36073378466914174,0.22289957258290954,0.030898823823043084
2021-12-31,2021,Khánh Hòa,163690,120833,104888,83276,58889,37031,6311,0.7381819292565215,0.6407721913372839,0.5087421345225731,0.3597593011179669,0.22622640356771948,0.03855458488606512
2022-12-31,2022,Khánh Hòa,150738,112479,96692,74330,54529,34732,6829,0.7461887513433905,0.6414573631068476,0.49310724568456527,0.3617468720561504,0.2304130345367459,0.045303772107895816
2023-12-31,2023,Khánh Hòa,122713,90256,76720,58437,43036,27561,6055,0.7355047957429123,0.6251986342115342,0.4762087146431103,0.35070448933690807,0.22459723093722753,0.04934277541906725
2019-12-31,2019,Kiên Giang,194186,140353,123971,95888,66860,41465,5303,0.7227761012637368,0.6384136858475894,0.493794609292122,0.34430906450516513,0.21353238647482312,0.027308868816495524
2020-12-31,2020,Kiên Giang,225538,171371,152893,122873,82396,51097,6880,0.759832046041022,0.6779035018489123,0.5447995459745143,0.3653308976757797,0.22655605707242238,0.030504837322313755
2021-12-31,2021,Kiên Giang,226059,167501,146305,114823,76432,46350,6822,0.7409614304230312,0.6471982977895151,0.507933769502652,0.33810642354429593,0.205034968747097,0.030177962390349422
2022-12-31,2022,Kiên Giang,206643,153401,132984,104714,68186,41407,6654,0.742347914035317,0.6435446639857145,0.5067386749127722,0.3299700449567612,0.20037939828593274,0.0322004616657714
2023-12-31,2023,Kiên Giang,167768,122152,104458,80483,51594,30672,5373,0.728100710504983,0.6226336369271852,0.4797279576558104,0.3075318296695437,0.1828238996709742,0.03202636974870059
2019-12-31,2019,Kon Tum,68972,55428,51618,48040,29922,19464,2281,0.8036304587368788,0.7483906512787798,0.6965145276344024,0.43382822014730615,0.2822014730615322,0.033071391289218814
2020-12-31,2020,Kon Tum,79073,66330,62217,58553,36302,23784,2867,0.8388451178025369,0.786829891366206,0.7404929621994866,0.45909476053773096,0.30078535024597525,0.03625763534961365
2021-12-31,2021,Kon Tum,78293,63976,59471,55254,34722,22783,2796,0.8171356315379408,0.7595953661246855,0.7057335904870167,0.4434879235691569,0.290996640823573,0.03571200490465303
2022-12-31,2022,Kon Tum,71495,57641,53293,48915,30474,20057,2597,0.8062242114833205,0.745408769844045,0.684173718441849,0.4262395971746276,0.28053710049653824,0.036324218476816564
2023-12-31,2023,Kon Tum,58310,45926,42127,38326,23251,15048,2077,0.787617904304579,0.7224661293088664,0.6572800548790945,0.39874807065683415,0.25806894186245927,0.035619962270622536
2019-12-31,2019,Lai Châu,60030,49191,47008,45063,30265,21263,2904,0.81944027986007,0.7830751291021156,0.7506746626686657,0.5041645843744794,0.3542062302182242,0.04837581209395302
2020-12-31,2020,Lai Châu,67223,58207,55989,54242,36062,25095,3352,0.8658792377608854,0.8328845781949631,0.8068964491319935,0.5364532972345775,0.37330973030064113,0.04986388587239487
2021-12-31,2021,Lai Châu,64611,56425,54128,52302,34112,23438,2940,0.8733033074863413,0.8377520855581867,0.8094906440079862,0.5279596353562087,0.36275556793734814,0.045503087709523146
2022-12-31,2022,Lai Châu,57520,50823,48558,46641,29093,19369,2445,0.8835709318497914,0.8441933240611961,0.81086578581363,0.5057892906815021,0.33673504867872045,0.04250695410292072
2023-12-31,2023,Lai Châu,45729,40022,38041,36326,21308,13674,1704,0.875199545146406,0.8318791139102102,0.794375560366507,0.46596251831441754,0.2990225021321262,0.03726300596995342
2019-12-31,2019,Long An,151274,128780,113387,86160,64094,40840,4547,0.8513029337493555,0.7495471792905588,0.5695625156999881,0.4236947525681875,0.2699736901252033,0.030058040377064135
2020-12-31,2020,Long An,147333,131636,120336,89943,65187,40824,5213,0.8934590349751923,0.8167620288733685,0.6104742318421534,0.4424467023681049,0.27708659974343836,0.03538243299192985
2021-12-31,2021,Long An,142178,128607,116840,92289,61264,38405,5922,0.9045492270252782,0.8217867743251417,0.6491088635372562,0.430896481874833,0.2701191464220906,0.04165201367300145
2022-12-31,2022,Long An,127336,118920,111010,91231,62256,41890,7160,0.9339071433058993,0.8717880253816674,0.716458817616385,0.48891122699001066,0.3289721681221336,0.05622918891750958
2023-12-31,2023,Long An,102257,95504,88938,72987,49717,33702,6371,0.9339605112608428,0.8697497481834985,0.7137604271590209,0.4861965440018776,0.32958134895410585,0.06230380316261967
2019-12-31,2019,Lào Cai,87889,72484,68390,64516,37339,23846,2814,0.8247220926395795,0.7781406091774853,0.734062283107101,0.42484269931390733,0.2713195052850755,0.0320176586375997
2020-12-31,2020,Lào Cai,103492,87452,83018,78966,45089,28748,3505,0.845012174854095,0.8021682835388243,0.7630154987825146,0.4356761875314034,0.2777799250183589,0.03386735206586016
2021-12-31,2021,Lào Cai,102955,86825,82055,77682,44027,28424,3738,0.8433296100237968,0.796998688747511,0.7545238210868827,0.42763343208197757,0.27608178330338495,0.03630712447185663
2022-12-31,2022,Lào Cai,93997,80049,75462,71031,38414,24444,3454,0.8516122854984733,0.8028128557294382,0.7556730533953211,0.4086726172111876,0.2600508526867879,0.036745853591072054
2023-12-31,2023,Lào Cai,76255,63760,59607,55565,28678,17868,2736,0.8361418923349289,0.781679889843289,0.7286735296046161,0.3760802570323257,0.23431906104517736,0.035879614451511374
2019-12-31,2019,Lâm Đồng,144871,119221,109222,88103,54186,32094,3055,0.8229459312077642,0.7539259064961241,0.6081479385108131,0.3740293088333759,0.2215350208116186,0.021087726322038227
2020-12-31,2020,Lâm Đồng,169653,144730,132552,106622,66246,39648,4105,0.8530942571012596,0.781312443634949,0.6284710556253058,0.3904793902848756,0.23370055348269703,0.02419644804394853
2021-12-31,2021,Lâm Đồng,169929,144796,131540,105210,66522,39907,4706,0.8520970522983128,0.774088001459433,0.619140935331815,0.39146937838744417,0.23484514120603311,0.027693919225088126
2022-12-31,2022,Lâm Đồng,153906,131757,118456,90755,58634,34847,4672,0.8560874819695139,0.769664600470417,0.589678115213182,0.3809728015801853,0.22641742362221096,0.030356191441529245
2023-12-31,2023,Lâm Đồng,123975,104892,93203,68438,44567,26084,3844,0.8460738052026618,0.7517886670699738,0.5520306513409962,0.3594837668884856,0.21039725751159508,0.031006251260334745
2019-12-31,2019,Lạng Sơn,88570,72375,69461,66728,47552,33509,3390,0.8171502766173648,0.7842497459636446,0.7533927966580106,0.5368860788077227,0.37833352150841143,0.038274810884046516
2020-12-31,2020,Lạng Sơn,94228,83510,80758,78374,56192,39641,4059,0.886254616462198,0.8570488602114021,0.8317485248546079,0.5963407904232287,0.42069236320414316,0.043076367958568576
2021-12-31,2021,Lạng Sơn,90587,80574,78019,75603,53009,37340,4141,0.8894653758265535,0.8612604457593253,0.8345899522006469,0.5851722653360858,0.4122004261097067,0.04571296102089704
2022-12-31,2022,Lạng Sơn,81076,73352,71357,69426,47149,32817,3903,0.904731363165425,0.8801248211554591,0.8563076619468153,0.5815407765553308,0.404768365484237,0.04814001677438453
2023-12-31,2023,Lạng Sơn,64795,58017,56273,54542,35026,23678,3021,0.8953931630527047,0.8684775059803997,0.8417624816729686,0.5405664017285284,0.36542943128327804,0.04662396789875762
2019-12-31,2019,Nam Định,209698,174352,165022,155638,124323,94650,8656,0.8314433137178228,0.7869507577563926,0.7422006886093334,0.5928668847580807,0.4513633892550239,0.04127840990376637
2020-12-31,2020,Nam Định,226993,207300,198430,189455,152022,116383,12916,0.9132440207407276,0.874167925883177,0.8346292616952946,0.669721092720921,0.5127162511619301,0.05690043305300163
2021-12-31,2021,Nam Định,222600,205470,197396,188914,152509,118651,17155,0.9230458221024259,0.8867744833782569,0.848670260557053,0.685125786163522,0.5330233602875112,0.07706648697214735
2022-12-31,2022,Nam Định,202511,188953,182791,175252,139845,109033,18912,0.9330505503404753,0.9026225735885952,0.865394966199367,0.6905550809585652,0.538405321192429,0.09338751969028843
2023-12-31,2023,Nam Định,162265,150795,145600,138956,108741,84437,16757,0.9293131605706715,0.8972976304193757,0.856352263273041,0.6701445166856685,0.5203648353002804,0.10326934335808707
2019-12-31,2019,Nghệ An,422306,323675,297066,271848,202470,139326,14460,0.7664466050683627,0.7034377915539917,0.6437227981605755,0.47943907971944516,0.3299171690669799,0.03424057437024338
2020-12-31,2020,Nghệ An,485453,395388,366093,339257,246489,169615,19433,0.8144722558105522,0.7541265580808029,0.6988462322820129,0.5077504928386476,0.34939530706371164,0.04003065178297384
2021-12-31,2021,Nghệ An,483136,395373,364274,335938,241418,166332,21930,0.8183472148628957,0.7539781759173401,0.695328023579282,0.49968952841435954,0.34427573188501787,0.0453909458206385
2022-12-31,2022,Nghệ An,437384,362206,334045,306786,217239,150338,23092,0.8281189984087209,0.7637339271669745,0.7014111170047372,0.49667797633201033,0.34372084941378744,0.05279571269182229
2023-12-31,2023,Nghệ An,349265,286201,262755,239589,164962,112688,19120,0.8194379625785578,0.7523084191086997,0.6859805591742659,0.4723118548952801,0.32264326514251357,0.054743532847551284
2019-12-31,2019,Ninh Bình,116231,95845,90796,86086,68098,48934,4652,0.824607892902926,0.7811685350723989,0.7406457829666784,0.5858850048610096,0.421006444063976,0.04002374581652055
2020-12-31,2020,Ninh Bình,132466,115362,109927,104929,83554,60906,6534,0.8708800748871408,0.829850678664714,0.7921202421753507,0.6307580813189799,0.4597859073271632,0.04932586475020005
2021-12-31,2021,Ninh Bình,130967,113543,108523,103736,84857,63789,8376,0.8669588522299511,0.8286285858269641,0.7920773935418846,0.6479265769239579,0.487061626211183,0.06395504210984447
2022-12-31,2022,Ninh Bình,119851,104468,100378,96164,78855,60093,9143,0.871648964130462,0.8375232580454064,0.8023629339763539,0.6579419445811883,0.5013975686477377,0.07628638893292505
2023-12-31,2023,Ninh Bình,97384,83499,79955,76211,62130,47125,7976,0.8574201100796845,0.8210280949642652,0.782582354390865,0.6379898135217285,0.4839090610367206,0.08190257126427339
2019-12-31,2019,Ninh Thuận,84522,52054,47496,43453,26812,16677,1807,0.6158633255247155,0.5619365372329098,0.5141028371311611,0.3172191855374932,0.19730957620501172,0.021379049241617567
2020-12-31,2020,Ninh Thuận,91924,63708,58237,53726,32351,19892,2171,0.6930507810800226,0.6335342239241112,0.5844610765414908,0.35193203080805885,0.21639615334406684,0.023617336060223662
2021-12-31,2021,Ninh Thuận,91533,63831,57485,52159,31045,18627,2085,0.6973550522762283,0.6280248653491091,0.5698382004304459,0.33916729485540736,0.2035003769132444,0.022778669987873226
2022-12-31,2022,Ninh Thuận,82322,58772,53083,48138,27816,16495,1960,0.7139282330361264,0.6448215543840042,0.5847525570321421,0.3378926653871383,0.2003717110857365,0.02380894536089988
2023-12-31,2023,Ninh Thuận,65946,46844,42006,37718,20553,11642,1461,0.7103387620174082,0.6369757073969612,0.571952809874746,0.3116640887999272,0.17653837988657387,0.02215449003730325
2019-12-31,2019,Phú Thọ,170322,157353,153046,148866,112129,80057,8367,0.9238559904181491,0.8985685936050539,0.8740268432733294,0.6583353882645812,0.4700332311738942,0.049124599288406665
2020-12-31,2020,Phú Thọ,165280,155275,151208,147217,113224,82859,10559,0.9394663601161665,0.9148596321393998,0.8907127299128751,0.6850435624394966,0.5013250242013553,0.06388552758954502
2021-12-31,2021,Phú Thọ,157736,149366,145917,142330,110074,81839,13266,0.9469366536491353,0.9250710047167419,0.9023304762387787,0.6978368920221129,0.5188352690571588,0.08410255109803723
2022-12-31,2022,Phú Thọ,141831,136144,133622,130603,100968,76164,14523,0.9599029831278071,0.9421212569889517,0.9208353603937081,0.7118895022949848,0.5370053091355205,0.10239651416122005
2023-12-31,2023,Phú Thọ,112421,107338,105006,102163,78689,60365,12870,0.9547860275215485,0.934042572117309,0.9087537026000481,0.699949297729072,0.5369548393983331,0.11448039067434021
2019-12-31,2019,Phú Yên,104176,77587,72080,59898,39979,25130,2473,0.7447684687452004,0.6919060052219321,0.5749692827522654,0.3837640147442789,0.24122638611580402,0.023738673014897866
2020-12-31,2020,Phú Yên,108166,93740,87558,74667,49312,31339,3154,0.866630919142799,0.8094780245178707,0.6903000942995026,0.4558918699036666,0.28973059926409406,0.029158885416859272
2021-12-31,2021,Phú Yên,104160,91369,85974,76062,49194,30915,3665,0.8771985407066052,0.8254032258064516,0.730241935483871,0.4722926267281106,0.29680299539170507,0.03518625192012289
2022-12-31,2022,Phú Yên,92639,82742,78347,70480,46080,30006,3972,0.8931659452282515,0.8457237232698971,0.7608026856939302,0.4974146957544878,0.3239024600870044,0.042876110493420695
2023-12-31,2023,Phú Yên,73808,65983,62549,57062,37095,24218,3394,0.8939816822024713,0.8474555603728593,0.773114025579883,0.5025877953609365,0.3281216128332972,0.045984175157164534
2019-12-31,2019,Quảng Bình,119394,88807,82348,75646,49429,31222,2958,0.7438145970484279,0.6897164011591872,0.6335829271152654,0.4139990284268891,0.2615039281705948,0.024775114327353135
2020-12-31,2020,Quảng Bình,128952,106413,99090,91809,58849,37041,3618,0.825214033128606,0.768425460636516,0.711962590731435,0.4563636081642782,0.2872464172715429,0.028056951423785594
2021-12-31,2021,Quảng Bình,126401,106366,99398,92543,59783,37814,4038,0.8414965071478865,0.7863703609939795,0.732138195109216,0.47296303035577253,0.2991590256406199,0.031945949794700994
2022-12-31,2022,Quảng Bình,112726,97591,91784,85897,56867,37178,4372,0.8657363873463088,0.8142220960559232,0.7619981193336054,0.5044710182211735,0.32980856235473627,0.03878430885509998
2023-12-31,2023,Quảng Bình,90050,77617,72643,67595,43003,27814,3430,0.8619322598556357,0.8066962798445309,0.7506385341476958,0.4775458078845086,0.3088728484175458,0.03808995002776235
2019-12-31,2019,Quảng Nam,177184,142868,132709,123276,97541,69137,8006,0.8063256275961712,0.7489897507675637,0.6957513093733069,0.5505068177713563,0.3901988892902294,0.04518466678706881
2020-12-31,2020,Quảng Nam,199037,171679,160495,150120,119065,84640,10657,0.8625481694358336,0.8063576119013047,0.7542316252757025,0.5982053588026347,0.42524756703527483,0.05354280862352226
2021-12-31,2021,Quảng Nam,196691,170786,159743,149812,119171,86090,12505,0.8682959566019798,0.8121520557625921,0.7616616927058177,0.605879272564581,0.4376916076485452,0.06357687947084513
2022-12-31,2022,Quảng Nam,178848,156256,147278,138554,110723,81777,13454,0.8736804437287529,0.8234813920200393,0.7747025407049561,0.6190899534800501,0.45724302200751477,0.07522589014134907
2023-12-31,2023,Quảng Nam,144052,125381,118198,110808,87665,64309,11694,0.8703870824424513,0.8205231444200706,0.7692222253075278,0.6085649626523756,0.44642906728125953,0.08117901868769611
2019-12-31,2019,Quảng Ngãi,148841,117196,108862,101457,74987,51079,5490,0.7873905711463911,0.7313979347088504,0.6816468580565839,0.5038060749390288,0.3431782909279029,0.03688499808520502
2020-12-31,2020,Quảng Ngãi,171843,142028,132637,124099,92404,63880,7636,0.8264986062859704,0.7718498862333641,0.7221649994471698,0.5377233870451517,0.37173466478122474,0.04443590952206374
2021-12-31,2021,Quảng Ngãi,173546,140829,131169,122395,92071,64227,9219,0.8114793772256347,0.7558169015707651,0.7052597005981123,0.5305279291945652,0.3700863171723923,0.053121362635842946
2022-12-31,2022,Quảng Ngãi,158490,129745,121326,113476,85561,61102,10730,0.8186320903527037,0.7655120196857846,0.7159820808883841,0.5398510947062907,0.38552590068774056,0.06770143226702
2023-12-31,2023,Quảng Ngãi,128440,104100,97158,90423,68082,48787,9429,0.8104951728433509,0.7564465898473995,0.704009654313298,0.53006851448147,0.37984272812208036,0.07341170974774214
2019-12-31,2019,Quảng Ninh,150312,115490,109977,104943,71832,48413,6023,0.7683351961253925,0.7316581510458247,0.6981678109532173,0.47788599712597796,0.32208339986162116,0.04006998775879504
2020-12-31,2020,Quảng Ninh,148032,132641,127196,122075,84922,58286,8869,0.8960292369217466,0.8592466493731085,0.8246527777777778,0.5736732598357112,0.3937391915261565,0.059912721573713794
2021-12-31,2021,Quảng Ninh,140935,128990,124254,119529,87654,63171,11666,0.9152446163124844,0.8816404725582715,0.8481143789690283,0.6219462872955618,0.4482279064817114,0.08277574768510307
2022-12-31,2022,Quảng Ninh,126794,118342,114922,110961,83222,62060,13405,0.9333406943546224,0.9063678092023282,0.8751281606385161,0.6563559789895421,0.4894553370033282,0.10572266826505985
2023-12-31,2023,Quảng Ninh,101670,94866,91960,88544,66511,49991,12235,0.9330776040129832,0.9044949345923085,0.8708960361955346,0.6541851086849612,0.49169863283171045,0.12034031671092751
2019-12-31,2019,Quảng Trị,77169,61548,57457,53681,41659,30403,2710,0.7975741554251059,0.7445606396350867,0.6956290738508987,0.5398411279140588,0.39397944770568494,0.035117728621596754
2020-12-31,2020,Quảng Trị,87546,71455,68226,65320,49561,36437,3306,0.8161994836999977,0.7793160167226373,0.746122038699655,0.5661138144518311,0.41620405272656663,0.0377630045918717
2021-12-31,2021,Quảng Trị,89001,73515,67263,61958,47769,34548,3455,0.8260019550342131,0.7557555533083898,0.6961494814665004,0.5367243064684667,0.38817541375939596,0.03881978854170178
2022-12-31,2022,Quảng Trị,81196,70240,63555,58667,44287,32251,3619,0.8650672446918567,0.7827356027390512,0.722535592886349,0.5454332725750037,0.39719936942706535,0.0445711611409429
2023-12-31,2023,Quảng Trị,64690,55631,49756,45458,32947,23381,2757,0.8599628999845417,0.7691451538104808,0.702705209460504,0.5093059205441336,0.3614314422631009,0.04261864275776782
2019-12-31,2019,Sóc Trăng,170543,127325,114810,96048,64561,40656,5804,0.7465859050210211,0.6732026527034237,0.5631893422773142,0.3785614185278786,0.23839149070908802,0.03403247274880822
2020-12-31,2020,Sóc Trăng,171978,131069,118179,98875,64345,40060,5893,0.7621265510704858,0.6871751037923456,0.5749281884892253,0.37414669318168603,0.23293677098233495,0.034266010768819265
2021-12-31,2021,Sóc Trăng,169254,125769,111486,92879,60610,37934,5910,0.7430784501400263,0.658690488851076,0.5487551254327815,0.3581008425207085,0.2241246883382372,0.03491793399269737
2022-12-31,2022,Sóc Trăng,154548,116656,103226,86779,54504,34037,5839,0.7548205088386779,0.6679219401092217,0.5615019282035355,0.35266713254134635,0.22023578435178714,0.037781142428242355
2023-12-31,2023,Sóc Trăng,124133,92881,81485,68437,42381,26243,4882,0.7482377772228175,0.6564330194227159,0.551319955209332,0.34141606180467726,0.21141034213303472,0.03932878444893783
2019-12-31,2019,Sơn La,102044,92648,88505,84532,63687,46033,6575,0.9079220728313276,0.8673219395554859,0.8283877543020658,0.6241131276704167,0.45110932538904785,0.06443298969072164
2020-12-31,2020,Sơn La,79761,72167,68462,64637,49012,34755,4899,0.9047905618033876,0.8583392886247665,0.8103835207682952,0.6144857762565665,0.43573927107232857,0.0614209952232294
2021-12-31,2021,Sơn La,51594,44854,41281,37594,30219,21066,2783,0.8693646548048223,0.8001124161724231,0.7286506182889483,0.585707640423305,0.4083032910803582,0.05394038066441834
2022-12-31,2022,Sơn La,25139,19031,15764,12518,12160,7895,1085,0.7570309081506822,0.6270734714984685,0.49795139027009827,0.4837105692350531,0.31405386053542306,0.043160030231910576
2023-12-31,2023,Sơn La,1377,1175,1089,988,752,533,123,0.8533042846768337,0.7908496732026143,0.7175018155410312,0.5461147421931736,0.38707334785766156,0.08932461873638345
2019-12-31,2019,Thanh Hóa,326118,231197,210650,190160,135899,94648,10698,0.7089366425649611,0.6459318406221061,0.5831018220398752,0.41671726185000524,0.290226237128892,0.03280407705186466
2020-12-31,2020,Thanh Hóa,356959,295947,275607,255899,183366,129548,16825,0.8290784095652441,0.7720970755745058,0.7168862530430665,0.5136892472244712,0.36292123185015646,0.047134264719477584
2021-12-31,2021,Thanh Hóa,409279,352245,330532,310066,227279,164729,24000,0.8606476266800887,0.8075957965104489,0.7575907877022764,0.5553155671314678,0.4024858348461563,0.05863970543321304
2022-12-31,2022,Thanh Hóa,416840,372366,353639,334033,246644,181431,28223,0.8933067843776988,0.8483806736397659,0.8013458401305057,0.5916994530275406,0.4352533346128011,0.06770703387390846
2023-12-31,2023,Thanh Hóa,342476,304218,288515,271094,195174,142612,24738,0.8882899823637277,0.8424385942372604,0.7915707962017776,0.5698910288604165,0.4164145808757402,0.07223279879466006
2019-12-31,2019,Hồ Chí Minh,679502,371736,176288,55448,86377,34383,6030,0.5470712374650847,0.2594370583162375,0.08160093715691787,0.12711809531097776,0.05060029256720363,0.008874146065795244
2020-12-31,2020,Hồ Chí Minh,697288,497089,285359,124221,147860,80606,24951,0.7128890788311286,0.40924123174355503,0.17814877066577942,0.21205011415656086,0.11559929326189465,0.03578291896605133
2021-12-31,2021,Hồ Chí Minh,636151,504956,328838,187961,189724,122652,45762,0.7937675174604771,0.5169181530800078,0.29546601357224933,0.29823736817202207,0.192803280982031,0.0719357511031186
2022-12-31,2022,Hồ Chí Minh,535925,455222,329003,222634,207239,149361,61246,0.8494136306386155,0.6138974669963148,0.41542006810654475,0.3866940336800858,0.27869757895227876,0.11428091617297197
2023-12-31,2023,Hồ Chí Minh,410174,360774,278227,204212,187031,141757,59995,0.8795633072793497,0.6783145689390356,0.49786675898521116,0.45597965741368296,0.3456021103239113,0.1462671939225792
2019-12-31,2019,Thái Bình,189781,145697,135919,126826,102604,76819,6133,0.7677112039666774,0.7161886595602299,0.6682755386471776,0.5406442162281788,0.4047770851665867,0.03231619603648416
2020-12-31,2020,Thái Bình,208014,177605,167421,157973,129135,98238,9443,0.8538127241435672,0.8048544809483977,0.7594344611420385,0.6207995615679713,0.47226628976895785,0.045395982962685204
2021-12-31,2021,Thái Bình,207411,177117,167021,157644,130409,101121,12736,0.8539421727873642,0.80526587307327,0.760056120456485,0.6287467877788545,0.48753923369541635,0.06140465066944376
2022-12-31,2022,Thái Bình,191147,164309,155417,146679,120633,94356,14348,0.8595949714094389,0.8130758003002925,0.7673622918486819,0.6311006712111621,0.49363055658733856,0.07506264811898695
2023-12-31,2023,Thái Bình,154586,131749,124208,116441,94246,73556,12731,0.8522699338879329,0.803488026082569,0.7532441488879976,0.6096671108638557,0.475825753949258,0.08235545262831045
2019-12-31,2019,Thái Nguyên,115248,83503,80210,77563,64977,48459,4299,0.7245505344995141,0.6959773705400527,0.6730095099264195,0.5638015410245731,0.4204758433985839,0.03730216576426489
2020-12-31,2020,Thái Nguyên,130684,82780,79522,76776,64345,47976,4310,0.6334363808882495,0.6085060145082796,0.5874934957607665,0.492370909981329,0.36711456643506474,0.03298031893728383
2021-12-31,2021,Thái Nguyên,126447,80248,64916,58613,53038,38887,4081,0.6346374370289528,0.5133850546078594,0.4635380831494618,0.41944846457409035,0.3075359636843895,0.032274391642348174
2022-12-31,2022,Thái Nguyên,114150,78578,55931,49544,45737,34100,4948,0.6883749452474813,0.4899780989925537,0.43402540516863775,0.40067455102934735,0.2987297415681121,0.04334647393780114
2023-12-31,2023,Thái Nguyên,88980,54375,32143,26150,26431,19554,3625,0.6110923803101821,0.36123848055742863,0.2938862665767588,0.29704427961339624,0.21975724881995953,0.0407394920206788
2019-12-31,2019,Thừa Thiên Huế,143871,110600,100664,91574,66416,44033,4505,0.7687442222546587,0.6996823543313107,0.6365007541478129,0.46163577093368363,0.3060588999867937,0.03131277324825712
2020-12-31,2020,Thừa Thiên Huế,166838,135019,124084,114278,80149,52442,5684,0.8092820580443304,0.743739435859936,0.6849638571548449,0.48040014864719066,0.3143288699217205,0.034068977091549886
2021-12-31,2021,Thừa Thiên Huế,167968,134230,123211,113414,79862,52753,6639,0.7991403124404648,0.7335385311487902,0.6752119451324061,0.47545961135454373,0.31406577443322536,0.039525385787769096
2022-12-31,2022,Thừa Thiên Huế,154087,123955,114475,105321,73820,49268,7232,0.8044481364423994,0.7429244517707528,0.6835164549897136,0.47908000025959363,0.31974144476821537,0.04693452400267381
2023-12-31,2023,Thừa Thiên Huế,125097,99337,91555,83833,57188,37590,6083,0.7940797940797941,0.731872067275794,0.6701439682806143,0.4571492521803081,0.3004868222259527,0.04862626601757036
2019-12-31,2019,Tiền Giang,169569,128907,116701,91426,67021,42211,4731,0.7602038108380659,0.6882213140373535,0.5391669467886229,0.39524323431759345,0.24893111358797892,0.027900146842878122
2020-12-31,2020,Tiền Giang,188707,156324,143426,114539,83846,53131,6649,0.828395343045038,0.760045997233807,0.6069674150932398,0.4443184407573646,0.28155288357082675,0.035234517002548926
2021-12-31,2021,Tiền Giang,187561,151814,136736,109922,79526,50672,7128,0.8094113381779794,0.7290214916747085,0.5860600018127435,0.42400072509743497,0.2701627737109527,0.03800363615037241
2022-12-31,2022,Tiền Giang,169435,142064,127169,98603,73529,46914,7309,0.8384572254846991,0.7505474075604214,0.5819517809189365,0.43396582760350577,0.27688494112786616,0.04313748635169829
2023-12-31,2023,Tiền Giang,137942,114410,101581,77470,59619,38179,6409,0.8294065621783068,0.7364037059053805,0.5616128517782836,0.4322033898305085,0.2767757463281669,0.04646155630627365
2019-12-31,2019,Trà Vinh,120137,85261,78065,67492,45080,29022,3381,0.7096980946752458,0.6497998118814353,0.5617919541856381,0.37523826964215856,0.24157420278515362,0.02814287022316189
2020-12-31,2020,Trà Vinh,135986,104035,94849,82344,54500,35162,4166,0.7650419896165782,0.6974909181827541,0.6055329225067286,0.40077655052726013,0.25857073522274354,0.03063550659626726
2021-12-31,2021,Trà Vinh,133531,100010,89822,78291,51389,33083,4300,0.7489646598917106,0.6726677700309291,0.5863132905467644,0.38484696437531357,0.24775520291168343,0.03220226014932862
2022-12-31,2022,Trà Vinh,119997,93085,83517,73236,45096,28724,4204,0.7757277265264965,0.6959923998099953,0.610315257881447,0.3758093952348809,0.23937265098294125,0.03503420918856305
2023-12-31,2023,Trà Vinh,96202,74326,65994,57019,33949,21345,3361,0.7726034801771273,0.6859940541776678,0.5927007754516538,0.35289287125007796,0.22187688405646452,0.03493690359867778
2019-12-31,2019,Tuyên Quang,86625,72621,69132,65579,47179,33439,3454,0.8383376623376624,0.798060606060606,0.7570447330447331,0.5446349206349206,0.38602020202020204,0.03987301587301587
2020-12-31,2020,Tuyên Quang,102721,87067,83279,79981,57370,40585,4335,0.847606623767292,0.8107300357278453,0.7786236504706925,0.5585031298371317,0.39509934677427205,0.042201691961721556
2021-12-31,2021,Tuyên Quang,101244,84641,80414,76904,55572,39486,4570,0.8360100351625775,0.7942594129034807,0.7595906917940817,0.5488917861799217,0.3900082967879578,0.04513847734186717
2022-12-31,2022,Tuyên Quang,91945,76889,72952,69412,49201,34770,4413,0.8362499320245799,0.7934308554026864,0.7549295774647887,0.535113383000707,0.37816085703409646,0.047996084615802924
2023-12-31,2023,Tuyên Quang,74264,60580,57047,53805,37383,26127,3525,0.815738446622859,0.7681649251319617,0.724509856727351,0.5033798341053539,0.3518124528708392,0.04746579769471076
2019-12-31,2019,Tây Ninh,115532,82822,73636,61869,45822,30373,4337,0.7168749783609736,0.63736453969463,0.5355139701554548,0.3966173873905065,0.2628968597444864,0.0375393830280788
2020-12-31,2020,Tây Ninh,133213,101115,90117,75506,56815,38243,5922,0.7590475404052157,0.6764880304474788,0.5668065429049718,0.4264974139160592,0.28708159113600024,0.04445512074647369
2021-12-31,2021,Tây Ninh,132255,96907,84881,71519,53792,36379,6210,0.7327284412687611,0.641798041661941,0.5407659445767646,0.40672942421836605,0.2750671052134135,0.04695474651241919
2022-12-31,2022,Tây Ninh,119423,86650,75581,62033,47702,32582,6138,0.7255721259723839,0.6328847876874639,0.5194393039866693,0.399437294323539,0.2728285171198178,0.05139713455532016
2023-12-31,2023,Tây Ninh,96498,67543,58287,46745,36268,24878,5138,0.6999419677091753,0.6040228813032394,0.484414184749943,0.3758419863624117,0.2578084519886423,0.05324462683164418
2019-12-31,2019,Vĩnh Long,109938,75200,68859,58907,43234,28218,3347,0.6840219032545617,0.6263439393112482,0.5358201895613891,0.3932580181556877,0.2566719423675162,0.030444432316396514
2020-12-31,2020,Vĩnh Long,116312,90601,83534,73054,52583,34726,4541,0.7789480019258546,0.7181890088726872,0.6280865258958663,0.4520857693101314,0.29855904807758443,0.03904154343489924
2021-12-31,2021,Vĩnh Long,113950,88175,80864,71239,51922,35073,5126,0.7738043001316367,0.7096445809565599,0.62517770952172,0.4556559894690654,0.3077928916191312,0.044984642387011844
2022-12-31,2022,Vĩnh Long,102598,81694,75246,66624,48144,32860,5449,0.7962533382717012,0.7334061092808827,0.6493693834187801,0.4692489132341761,0.3202791477416714,0.053110197079865105
2023-12-31,2023,Vĩnh Long,82061,65554,60220,53156,38038,25867,4786,0.7988447618235215,0.7338443353115366,0.6477620306844908,0.46353322528363045,0.3152167290186568,0.05832246743276343
2019-12-31,2019,Vĩnh Phúc,98468,84520,80060,75385,60207,44396,5292,0.8583499207864483,0.8130560181988057,0.7655786651500995,0.6114372181825568,0.4508672868343015,0.05374334809278141
2020-12-31,2020,Vĩnh Phúc,118260,105420,100952,96388,77814,58343,8012,0.8914256722475901,0.8536445120920007,0.8150515812616269,0.6579908675799087,0.49334517165567393,0.06774902756637917
2021-12-31,2021,Vĩnh Phúc,132092,119510,115128,110698,90738,69413,10997,0.9047482057959604,0.8715743572661478,0.8380371256397057,0.6869303212912212,0.525489810132332,0.08325258153408231
2022-12-31,2022,Vĩnh Phúc,130783,120907,117389,113208,92978,72125,12596,0.9244855982811222,0.8975860777012303,0.8656170909063104,0.7109333781913552,0.5514860494100915,0.096312211831813
2023-12-31,2023,Vĩnh Phúc,105632,96689,93540,89673,72499,55719,11064,0.9153381551045138,0.8855271129960618,0.8489188882156922,0.6863355801272342,0.5274822023629203,0.10474098757952136
2019-12-31,2019,Yên Bái,88132,77672,74860,69518,42992,28318,2788,0.8813143920482912,0.8494077066218854,0.7887940816048654,0.48781373394453775,0.3213134843189761,0.03163436663187038
2020-12-31,2020,Yên Bái,101643,93320,90334,83768,52406,34818,3584,0.9181153645602746,0.8887380340997413,0.8241393898251724,0.5155888747872456,0.3425518727310292,0.03526066723729131
2021-12-31,2021,Yên Bái,99059,90806,88307,83812,52046,34995,3978,0.9166860154049606,0.8914586256675314,0.8460816281206149,0.5254040521305484,0.3532743112690417,0.040157885704479146
2022-12-31,2022,Yên Bái,90089,83780,81481,77382,48151,32537,4125,0.9299692526279568,0.9044500438455305,0.8589505933021789,0.5344825672390636,0.36116507009734816,0.04578805403545383
2023-12-31,2023,Yên Bái,72388,66615,64525,61008,37013,24806,3352,0.9202492125766701,0.8913770238161021,0.8427916229209261,0.5113140299497154,0.34268110736586177,0.04630601757197326
2019-12-31,2019,Điện Biên,80932,64983,61371,58819,34125,22575,2967,0.802933326743439,0.7583032669401473,0.7267706222507785,0.42165027430435426,0.27893787377057283,0.03666040626698957
2020-12-31,2020,Điện Biên,76348,69643,67445,66294,37124,24675,3296,0.9121784460627652,0.8833892177922146,0.8683135118143239,0.4862471839471892,0.3231911772410541,0.04317074448577566
2021-12-31,2021,Điện Biên,60949,56702,54990,54019,29779,19934,2602,0.9303187911204449,0.9022297330555055,0.8862983806132997,0.4885888201611183,0.3270603291276313,0.04269143054028778
2022-12-31,2022,Điện Biên,45627,42713,41402,40546,21055,13882,1907,0.9361343064413615,0.9074013193942183,0.8886404979507747,0.4614592237052622,0.30424967672649966,0.041795428145615536
2023-12-31,2023,Điện Biên,30396,28359,27472,26825,12251,7772,1100,0.9329846032372681,0.9038031319910514,0.8825174365048033,0.40304645348072116,0.25569153836031056,0.03618897223318858
2019-12-31,2019,Đà Nẵng,105753,68722,58190,51818,41936,29467,4673,0.6498349928607227,0.550244437510047,0.48999082768337543,0.3965466700708254,0.2786398494605354,0.0441878717388632
2020-12-31,2020,Đà Nẵng,114925,86220,75280,67757,55512,40119,8281,0.7502284098324995,0.6550358929736785,0.5895758103110724,0.48302806177942137,0.3490885360017403,0.0720556884924951
2021-12-31,2021,Đà Nẵng,121354,95667,86240,78029,64298,47567,11641,0.7883300097236186,0.7106481862979382,0.6429866341447336,0.5298383242414754,0.3919689503436228,0.09592596865369085
2022-12-31,2022,Đà Nẵng,117223,95535,87354,79561,66284,50653,13829,0.8149851138428466,0.7451950555778303,0.678714927957824,0.5654521723552545,0.4321080334064134,0.11797172909753205
2023-12-31,2023,Đà Nẵng,93749,77063,70256,63167,52836,40582,12791,0.8220141014837492,0.7494053269901546,0.6737885204108843,0.5635900116267907,0.4328792840456965,0.1364387886804126
2019-12-31,2019,Đắk Lắk,265662,189527,155897,102467,60140,31540,4303,0.7134140373858512,0.5868246117246727,0.3857043912942009,0.22637787865784342,0.11872228621330864,0.01619727322688228
2020-12-31,2020,Đắk Lắk,301286,231425,194611,136454,75502,41125,6094,0.768123975226197,0.645934427753032,0.45290521298699576,0.25059909853096396,0.1364982110021707,0.020226628519081538
2021-12-31,2021,Đắk Lắk,295471,223194,185082,128334,74771,41054,6627,0.7553837770881068,0.6263964991488167,0.4343370415370713,0.25305698359568285,0.13894426187341566,0.02242859705351794
2022-12-31,2022,Đắk Lắk,266015,201464,164473,111290,68662,38256,6575,0.7573407514613838,0.6182846831945567,0.4183598669247975,0.25811326428960774,0.14381143920455614,0.024716651316655076
2023-12-31,2023,Đắk Lắk,213430,159638,128439,85349,53453,29650,5483,0.7479642037201892,0.601785128613597,0.39989223633041276,0.25044745349763387,0.1389214262287401,0.025689921754205126
2019-12-31,2019,Đắk Nông,93002,69031,63795,57268,32617,20318,2274,0.7422528547773166,0.685952990258274,0.6157717038343261,0.350712887894884,0.21846842003397776,0.02445108707339627
2020-12-31,2020,Đắk Nông,98905,83667,77655,69956,40004,25331,2986,0.8459329659774532,0.7851473636317678,0.7073049896365199,0.40446893483645924,0.2561144532632324,0.030190586926848995
2021-12-31,2021,Đắk Nông,93665,80759,75409,69140,40426,26388,3513,0.8622110713713768,0.8050926173063577,0.7381626007580206,0.4316019858004591,0.28172743287247104,0.03750600544493674
2022-12-31,2022,Đắk Nông,83172,72887,68323,63213,37860,25456,3750,0.8763405953926803,0.8214663588707738,0.7600274130717068,0.455201269658058,0.30606454095128166,0.04508728899148752
2023-12-31,2023,Đắk Nông,65835,57524,53774,49608,30006,20288,3202,0.8737601579706843,0.8167995746943115,0.7535201640464798,0.4557758031442242,0.3081643502696134,0.04863674337358548
2019-12-31,2019,Đồng Nai,358680,254738,188648,96951,75582,37002,4871,0.7102096576335453,0.5259507081521133,0.270299431247909,0.21072264971562396,0.1031615925058548,0.013580350172856028
2020-12-31,2020,Đồng Nai,400151,306050,231941,123970,94688,48057,7216,0.7648362743064493,0.5796336882826733,0.30980804746208307,0.23663067192134968,0.12009716332084638,0.018033192469842634
2021-12-31,2021,Đồng Nai,387861,295516,221220,117922,93109,47578,7859,0.7619121283140095,0.570358968805835,0.3040315989491081,0.2400576495187709,0.12266765671206953,0.020262413596623532
2022-12-31,2022,Đồng Nai,339384,268330,193973,101407,82842,42004,7600,0.7906383329797515,0.5715443273695873,0.2987972326332414,0.24409518421610918,0.12376541027272941,0.022393512952879335
2023-12-31,2023,Đồng Nai,266047,210468,149777,77102,67247,34171,6850,0.7910933030629926,0.5629719560829477,0.28980593654504655,0.2527636094374302,0.12843971178024935,0.025747330358921544
2019-12-31,2019,Đồng Tháp,183926,130202,115898,91263,62732,38904,5072,0.7079042658460468,0.630133858182095,0.4961941215488838,0.34107195285060293,0.2115198503746072,0.02757630786294488
2020-12-31,2020,Đồng Tháp,205285,157342,139131,107910,73372,45125,6193,0.7664563898969725,0.6777455732274642,0.5256594490586258,0.3574153006795431,0.21981635287527096,0.0301678154760455
2021-12-31,2021,Đồng Tháp,199502,148279,130491,103004,70341,43635,6504,0.7432456817475515,0.654083668334152,0.5163056009463565,0.3525829314994336,0.21871961183346533,0.032601176930557085
2022-12-31,2022,Đồng Tháp,179673,139919,121928,93993,63273,39396,6506,0.7787424933072861,0.6786105870108475,0.5231336928753902,0.35215641749177673,0.21926499807984506,0.036210226355657224
2023-12-31,2023,Đồng Tháp,143436,111117,95496,71278,47445,28779,5406,0.7746799966535598,0.665774282606877,0.4969324297944728,0.330774700911905,0.20064000669288046,0.037689283025181965
