eval_date,eval_year,province_reg,n_children,dose1,dose2,dose3,dose1_on_schedule,dose2_on_schedule,dose3_on_schedule,dose_1_cov,dose_2_cov,dose_3_cov,dose_1_on_schedule_cov,dose_2_on_schedule_cov,dose_3_on_schedule_cov
2019-12-31,2019,An Giang,201293,169949,151223,112049,72780,43086,5373,0.8442866865713164,0.751258116278261,0.556646281788239,0.3615624984475367,0.214046191372775,0.026692433417952934
2020-12-31,2020,An Giang,211104,183684,166779,125241,79565,46317,6198,0.8701114142792178,0.7900324010914052,0.5932668258299227,0.37689953766863726,0.2194037062301046,0.02935993633469759
2021-12-31,2021,An Giang,204108,175488,159702,127954,79453,48115,7150,0.85978011640896,0.7824387089188077,0.6268936053461893,0.3892694063926941,0.23573304329080683,0.035030474062751095
2022-12-31,2022,An Giang,183012,161546,150701,125986,78070,48993,8021,0.8827071448866741,0.823448735602037,0.6884029462548904,0.42658404913339015,0.26770375713067995,0.04382772714357529
2023-12-31,2023,An Giang,147552,129511,121140,102996,64045,40743,7020,0.8777312405118196,0.8209986987638256,0.6980318802862719,0.4340503686835827,0.27612638256343525,0.04757644762524398
2019-12-31,2019,Bà Rịa - Vũng Tàu,150836,123739,93637,52958,41165,22383,2655,0.8203545572674958,0.6207868148187435,0.3510965551990241,0.27291230210294626,0.1483929565886128,0.017601898750961308
2020-12-31,2020,Bà Rịa - Vũng Tàu,149720,126169,98720,52819,40335,20262,3070,0.8426997061180871,0.6593641464066257,0.35278519903820466,0.26940288538605395,0.13533262089233236,0.020504942559444295
2021-12-31,2021,Bà Rịa - Vũng Tàu,144363,120114,94113,51189,38270,19256,3434,0.8320275970989797,0.6519191205502795,0.35458531618212424,0.2650956269958369,0.13338597840166802,0.023787258508066473
2022-12-31,2022,Bà Rịa - Vũng Tàu,128245,110716,86850,48376,36534,18795,3618,0.8633163086280167,0.6772193847713361,0.377215485983859,0.28487660337634996,0.1465554212639869,0.028211626184256697
2023-12-31,2023,Bà Rịa - Vũng Tàu,103000,88698,69530,38872,30622,16016,3295,0.8611456310679612,0.6750485436893204,0.37739805825242717,0.29730097087378643,0.15549514563106795,0.03199029126213592
2019-12-31,2019,Bình Dương,307108,214546,174667,119202,94811,57571,10004,0.6986011435716426,0.5687478020761426,0.38814358466728316,0.3087220131028824,0.1874617398439637,0.032574859658491474
2020-12-31,2020,Bình Dương,344502,264362,215582,144552,115419,69931,13068,0.7673743548658644,0.6257786602109712,0.4195969834717941,0.3350314366825156,0.20299156463532866,0.037933016354041484
2021-12-31,2021,Bình Dương,350914,276527,227140,154358,122302,74554,15379,0.7880192867768171,0.6472811002125877,0.4398741572009096,0.3485241398177331,0.2124566133012647,0.04382555269952182
2022-12-31,2022,Bình Dương,317117,259422,212147,140110,113215,69029,15453,0.8180639953077256,0.6689865254779782,0.4418243109010239,0.3570133420787911,0.2176767565283476,0.048729648678563435
2023-12-31,2023,Bình Dương,251102,203999,164040,103410,85002,50920,12839,0.8124148752299862,0.6532803402601334,0.41182467682455737,0.33851582225549776,0.20278611878838082,0.05113061624359822
2019-12-31,2019,Bình Phước,128240,90298,78515,62276,41711,25255,3390,0.7041328758577667,0.6122504678727386,0.4856207111665627,0.3252573300062383,0.1969354335620711,0.026434809731752964
2020-12-31,2020,Bình Phước,146146,110443,96582,77303,51287,31512,4611,0.7557032009086804,0.6608596882569485,0.5289436590806453,0.35092989202578245,0.21561999644191426,0.031550641139682235
2021-12-31,2021,Bình Phước,145388,109113,94595,76338,50489,31234,5275,0.750495226566154,0.6506382920185985,0.5250639667647949,0.3472707513687512,0.21483203565631276,0.03628222411753377
2022-12-31,2022,Bình Phước,132209,99526,86105,69371,47127,29915,5620,0.7527929263514587,0.6512794136556512,0.5247070925579953,0.35645833490912116,0.2262705262122851,0.04250845252592486
2023-12-31,2023,Bình Phước,106685,78856,67609,53951,37323,23854,4854,0.7391479589445564,0.6337254534376904,0.5057037071753292,0.349842995735108,0.22359281998406524,0.04549842995735108
2019-12-31,2019,Bình Thuận,159436,116765,106319,87941,56252,34068,3775,0.7323628289721268,0.6668443764269049,0.551575553827241,0.35281868586768356,0.2136782157103791,0.023677212172909506
2020-12-31,2020,Bình Thuận,182640,141105,129329,108893,67280,40847,4747,0.7725854139290408,0.7081088480070084,0.5962166009636444,0.3683749452474814,0.22364761279018835,0.025991020586946998
2021-12-31,2021,Bình Thuận,180972,135284,120143,100504,61877,37086,4636,0.7475410560749729,0.6638761797405124,0.5553566297548792,0.3419147713458436,0.20492672899675088,0.025617222553765223
2022-12-31,2022,Bình Thuận,164516,123901,108014,85544,53553,31771,4414,0.7531243161759342,0.65655620122055,0.5199737411558755,0.32551849060273774,0.1931179946023487,0.026830217121738918
2023-12-31,2023,Bình Thuận,133282,98922,84558,64933,40403,23649,3554,0.7422007472877058,0.6344292552632763,0.48718506625050645,0.3031392085953092,0.17743581278792336,0.02666526612745907
2019-12-31,2019,Bạc Liêu,99525,74044,67922,60956,38218,24105,3321,0.7439738759105752,0.6824616930419493,0.6124692288369756,0.3840040190906807,0.24220045214770158,0.033368500376789755
2020-12-31,2020,Bạc Liêu,106559,80938,74575,67275,42026,26558,3638,0.7595604313103539,0.6998470330990343,0.6313403842003021,0.39439183926275584,0.2492328193770587,0.0341407107799435
2021-12-31,2021,Bạc Liêu,106304,79201,71670,64027,39379,24611,3516,0.7450425195665262,0.6741985249849488,0.6023009482239615,0.37043761288380495,0.23151527694160146,0.03307495484647802
2022-12-31,2022,Bạc Liêu,94977,71296,64591,57359,34650,21562,3193,0.7506659507038547,0.6800699116628236,0.6039251608284111,0.3648251681986165,0.2270233846089053,0.03361866557166472
2023-12-31,2023,Bạc Liêu,75082,55985,50272,44090,26202,16144,2495,0.7456514211129165,0.6695612796675635,0.58722463439972294,0.348978450227751,0.21501824671692282,0.03323033483391492
2019-12-31,2019,Bắc Giang,241040,184523,175347,167425,139520,104620,9515,0.7655285429804182,0.727460172585463,0.6945942582144042,0.5788250912711583,0.4340358446730833,0.03947477597079323
2020-12-31,2020,Bắc Giang,264868,221767,211291,202514,168570,126280,12395,0.8372736608423819,0.7977218841083106,0.764584623284051,0.6364302218463537,0.4767657852213178,0.046796895057160545
2021-12-31,2021,Bắc Giang,259132,214719,204167,195552,159240,117478,13930,0.8286085855857247,0.7878880261797077,0.7546424216229567,0.6145130666995972,0.45335195961903585,0.05375638670638902
2022-12-31,2022,Bắc Giang,236759,196312,187006,179140,143681,105386,14513,0.8291638332650502,0.7898580412993804,0.7566343834870057,0.6068660536663865,0.44511929852719434,0.061298620115813975
2023-12-31,2023,Bắc Giang,190665,155086,146906,139750,110179,79366,12154,0.8133952219862062,0.7704927490624918,0.7329609524558781,0.5778669393963234,0.41625888338184774,0.063745312459025
2019-12-31,2019,Bắc Kạn,31643,27806,26768,25929,19424,14220,1183,0.8787409537654458,0.845937490124198,0.8194229371424959,0.6138482444774516,0.44938849034541606,0.03738583572986127
2020-12-31,2020,Bắc Kạn,36230,32927,31864,30952,23404,17078,1449,0.9088324592878829,0.8794921335909467,0.8543196246204803,0.6459839911675407,0.47137731162020424,0.03999447971294507
2021-12-31,2021,Bắc Kạn,34707,31647,30729,29913,23053,17217,1529,0.9118333477396491,0.8853833520615437,0.8618722447921169,0.6642175929927681,0.4960670758060334,0.04405451349871784
2022-12-31,2022,Bắc Kạn,31096,28698,27894,27190,20856,15511,1483,0.9228839722150759,0.8970285567275533,0.874388988937484,0.6706971957808078,0.4988101363519424,0.04769102135322871
2023-12-31,2023,Bắc Kạn,24675,22610,21913,21287,16051,11754,1169,0.9163120567375886,0.88806484295846,0.8626950354609929,0.6504964539007092,0.47635258358662613,0.0473758865248227
2019-12-31,2019,Bắc Ninh,104797,91121,86450,82139,64749,47600,5337,0.8695000811091921,0.8249281945093848,0.7837915207496398,0.6178516560588566,0.4542114755193374,0.05092703035392235
2020-12-31,2020,Bắc Ninh,125080,114742,110055,105906,84700,63706,8943,0.9173488967061081,0.8798768787975696,0.8467061080908219,0.6771666133674449,0.5093220338983051,0.07149824112567957
2021-12-31,2021,Bắc Ninh,140002,130971,127093,123233,98863,75326,12938,0.9354937786603048,0.9077941743689376,0.8802231396694333,0.7061541977971744,0.5380351709261296,0.09241296552906388
2022-12-31,2022,Bắc Ninh,135721,129325,126578,123258,98760,76175,15115,0.952873910448641,0.9326338591669675,0.908171911494905,0.7276692626785832,0.5612617059998084,0.11136817441663413
2023-12-31,2023,Bắc Ninh,108354,103107,100825,97856,77670,59754,13778,0.9515753917714159,0.9305147941008177,0.9031138675083522,0.716817099507171,0.5514701810731492,0.12715728076490024
2019-12-31,2019,Bến Tre,62477,51483,47559,40956,28603,18251,2013,0.8240312434976071,0.7612241304800167,0.6555372377034748,0.4578164764633385,0.29212350144853305,0.0322198569073419
2020-12-31,2020,Bến Tre,79604,69704,65445,55658,39494,25474,2948,0.8756343902316467,0.8221320536656449,0.6991859705542435,0.49613084769609567,0.3200090447716195,0.037033314908798555
2021-12-31,2021,Bến Tre,95793,85781,81569,74639,50241,32855,4129,0.8954829684841272,0.8515131585815248,0.779169667929807,0.5244746484607434,0.3429791320868957,0.043103358282964306
2022-12-31,2022,Bến Tre,101397,93632,90603,86020,58331,40239,5374,0.9234198250441334,0.8935471463652771,0.8483485704705267,0.5752734301803801,0.39684606053433535,0.05299959564878645
2023-12-31,2023,Bến Tre,85031,78190,75537,71619,48287,33883,4796,0.9195469887452812,0.8883466030036105,0.8422692900236385,0.5678752454987005,0.39847820206748125,0.05640295892086416
2019-12-31,2019,Cao Bằng,56706,44425,42163,40118,27241,19207,2426,0.7834267978697139,0.7435368391351885,0.7074736359468133,0.48039008217825274,0.3387119528797658,0.04278206891686947
2020-12-31,2020,Cao Bằng,61163,52774,50528,48564,32628,23035,2891,0.8628419142291909,0.8261203668884783,0.7940094501577751,0.53345977143044,0.3766165819204421,0.047267138629563624
2021-12-31,2021,Cao Bằng,59258,51621,49547,47790,32344,23318,2812,0.8711228863613352,0.8361233926220932,0.8064733875594856,0.5458165986027204,0.39349961186675214,0.04745350838705323
2022-12-31,2022,Cao Bằng,52459,46681,44898,43285,29034,21141,2478,0.8898568405802627,0.8558683924588727,0.8251205703501783,0.5534607979564994,0.403000438437637,0.04723688976152805
2023-12-31,2023,Cao Bằng,41574,37046,35503,34075,22375,16108,1890,0.891085774763073,0.8539712320200125,0.8196228411988262,0.5381969500168374,0.3874536970221773,0.04546110549862895
2019-12-31,2019,Cà Mau,121039,88431,80490,66232,44064,28252,4099,0.7305992283478878,0.6649922752170788,0.5471955320186056,0.3640479514867109,0.2334123712191938,0.0338651178545758
2020-12-31,2020,Cà Mau,137214,106550,97620,82348,54002,34901,5167,0.7765242613727462,0.711443438716166,0.6001428425670849,0.3935604238634542,0.25435451193026953,0.03765650735347705
2021-12-31,2021,Cà Mau,138389,105936,95405,79644,52304,33675,5124,0.7654943673268829,0.6893972786854446,0.5755081690018715,0.3779491144527383,0.2433358142626943,0.037026064210305736
2022-12-31,2022,Cà Mau,123708,95173,84989,70065,44761,28291,4462,0.7693358554014291,0.6870129660167491,0.5663740420991367,0.36182785268535583,0.22869175801079963,0.0360688071911275
2023-12-31,2023,Cà Mau,98774,74564,65768,53652,33708,20960,3521,0.7548950128576346,0.665843238099095,0.5431793791888554,0.3412638953570778,0.21220159151193635,0.03564703261992022
2019-12-31,2019,Cần Thơ,121737,79390,68695,58459,45197,30552,4462,0.6521435553693619,0.564290232221921,0.48020733219974204,0.3712675686110221,0.25096724906971585,0.036652784280867774
2020-12-31,2020,Cần Thơ,136287,96111,83949,71984,55019,37294,6333,0.705210328204451,0.6159721763631161,0.5281795035476604,0.4036995458114127,0.2736431207672045,0.04646811508067534
2021-12-31,2021,Cần Thơ,137405,96730,84111,72159,54655,37024,7502,0.7039772934027146,0.6121392962410392,0.5251555620246716,0.39776572904916124,0.26945162112004656,0.05459772206251592
2022-12-31,2022,Cần Thơ,124844,90691,79730,67196,50954,34694,7823,0.7264345903687802,0.6386370189997116,0.5382397231745218,0.4081413604178014,0.2778988177245202,0.06266220242863094
2023-12-31,2023,Cần Thơ,97308,70538,61779,51238,38246,25606,6649,0.7248941505323303,0.6348809964237268,0.526554856743536,0.39304065441690306,0.26314383195626256,0.06832942820734164
2019-12-31,2019,Gia Lai,191987,154316,139717,108550,58403,33246,3769,0.8037835895138733,0.7277419825300672,0.5654028658190399,0.30420288873725826,0.17316797491496821,0.019631537552021752
2020-12-31,2020,Gia Lai,215993,182836,167590,136207,70224,40416,4618,0.846490395522077,0.7759047746917724,0.6306083993462751,0.32512164746079736,0.1871171750936373,0.021380322510451726
2021-12-31,2021,Gia Lai,208936,173079,153805,119893,62209,35163,4173,0.8283828540797182,0.7361345100892139,0.5738264348891526,0.29774189225408737,0.16829555461959644,0.01997262319561971
2022-12-31,2022,Gia Lai,183892,153286,133412,100625,52316,29205,3767,0.8335653535770996,0.7254910490940335,0.547196180366737,0.2844930720205338,0.15881604419985643,0.020484849803145324
2023-12-31,2023,Gia Lai,146675,119466,101747,74111,37306,20007,2803,0.8144946309868758,0.6936901312425431,0.5052735640020454,0.2543446395091188,0.13640361343105506,0.019110277825123572
2019-12-31,2019,Hà Giang,118011,81480,76150,71016,44801,30162,4829,0.6904441111421816,0.6452788299395819,0.6017744108600046,0.37963410190575453,0.2555863436459313,0.04091991424528222
2020-12-31,2020,Hà Giang,126984,99343,94076,89311,54326,36261,5482,0.7823269073269074,0.7408492408492409,0.7033248283248283,0.4278176778176778,0.28555566055566056,0.04317079317079317
2021-12-31,2021,Hà Giang,124644,99479,94158,89069,51999,34143,4703,0.7981050030486826,0.7554154231250602,0.7145871441866436,0.41718012900741314,0.2739241359391547,0.03773145919578961
2022-12-31,2022,Hà Giang,111708,92442,87275,82104,45801,29244,3872,0.8275324954345258,0.7812779747198052,0.734987646363734,0.4100064453754431,0.2617896659147062,0.03466179682744298
2023-12-31,2023,Hà Giang,89149,73726,69125,64463,33481,20559,2581,0.8269974985698101,0.775387272992406,0.7230927996948928,0.37556226093394207,0.23061391602822243,0.028951530583629655
2019-12-31,2019,Hà Nam,86349,73508,70130,67023,53244,39271,3837,0.8512895343316078,0.8121692202573279,0.7761873328006115,0.6166139735260396,0.4547939177060533,0.04443595177709064
2020-12-31,2020,Hà Nam,98310,88592,84979,81599,65368,48281,5326,0.9011494252873563,0.8643983318075475,0.8300172922388364,0.6649170989726376,0.49110975485708475,0.05417556708371478
2021-12-31,2021,Hà Nam,96470,86882,83430,79958,64813,48272,6677,0.9006115890950555,0.8648284440758786,0.8288379807193946,0.6718461697937183,0.5003835389240179,0.06921322690992018
2022-12-31,2022,Hà Nam,88118,79806,76954,73752,59247,44283,7304,0.9056719398987721,0.8733062484395924,0.8369686102725891,0.6723597902812138,0.5025420458930071,0.08288885358269593
2023-12-31,2023,Hà Nam,70867,63424,60951,58004,45984,33970,6322,0.8949722720024835,0.8600759168583403,0.8184909760537344,0.6488774747061397,0.47934863899981656,0.08920936401992464
2019-12-31,2019,Hà Nội,806331,574839,528994,500492,449656,355517,86157,0.712906982368283,0.6560506789395422,0.6207029123275677,0.5576568431574627,0.44090702205421844,0.10685066058479706
2020-12-31,2020,Hà Nội,793427,685344,644984,601091,547712,437717,120133,0.8637770078406709,0.8129090640978943,0.7575882847445322,0.6903117741140646,0.5516789824394683,0.15141027466925125
2021-12-31,2021,Hà Nội,848420,769244,734753,701985,634791,519502,159253,0.9066782961269183,0.8660250819169751,0.8274027014921854,0.7482037198557319,0.6123170128002641,0.18770538176846374
2022-12-31,2022,Hà Nội,799866,745401,722823,694684,627555,524283,177017,0.9319073444802004,0.9036801164195003,0.8685004738293665,0.7845751663403621,0.6554635401429739,0.22130831914345653
2023-12-31,2023,Hà Nội,641612,595559,577297,551927,502636,421688,156546,0.9282229758795035,0.8997602912663728,0.8602192602382749,0.7833955724020124,0.6572320966565464,0.24398857876723004
2019-12-31,2019,Hà Tĩnh,159074,119888,111827,104376,79630,58992,4950,0.7536618177703459,0.7029872889347096,0.6561474533864742,0.5005846335667676,0.3708462728038523,0.031117593069892
2020-12-31,2020,Hà Tĩnh,175118,145072,135804,128875,93943,68376,6141,0.8284242624972875,0.7754999486060827,0.7359323427631654,0.5364554186320082,0.390456720611245,0.035067782866410074
2021-12-31,2021,Hà Tĩnh,170655,143349,134056,126361,87189,60463,6579,0.8399929682693152,0.78553807389177,0.7404471008760365,0.5109079722246638,0.3542996103249246,0.03855146347894876
2022-12-31,2022,Hà Tĩnh,152703,130450,122071,114828,75978,51802,6863,0.8542726730974506,0.7994014524927474,0.7519695094398932,0.49755407555843695,0.33923367582824177,0.0449434523224822
2023-12-31,2023,Hà Tĩnh,120543,101979,94870,88633,54664,35933,5393,0.8459968641895423,0.7870220585185369,0.7352811859668335,0.453481330313664,0.29809279676132167,0.044739221688526086
2019-12-31,2019,Hoà Bình,76588,68398,66958,65192,44899,31874,3105,0.8930641876011908,0.8742622865200814,0.851203843944221,0.5862406643338381,0.4161748576800543,0.040541599206141955
2020-12-31,2020,Hoà Bình,72527,67485,66350,65490,44232,31450,3070,0.9304810622251024,0.9148317178430102,0.9029740648310285,0.609869427937182,0.4336316130544487,0.04232906365905111
2021-12-31,2021,Hoà Bình,55269,51032,50054,49310,32390,23017,2361,0.9233385803976913,0.905643308183611,0.8921818741066421,0.5860428088078308,0.4164540700935425,0.04271834120392987
2022-12-31,2022,Hoà Bình,39842,36111,35289,34655,21429,15247,1646,0.9063551026554891,0.8857236082525978,0.8698107524722655,0.5378495055469102,0.3826866121178656,0.04131318708900156
2023-12-31,2023,Hoà Bình,23017,20316,19805,19372,9372,6242,810,0.882651952904375,0.860450971021419,0.8416387887213799,0.40717730373202415,0.2711908589303558,0.03519138028413781
2019-12-31,2019,Hưng Yên,128103,113065,107888,102420,71344,47874,5025,0.8826100871954599,0.8421972943646909,0.7995128919697431,0.5569268479270587,0.3737149012903679,0.03922624762886115
2020-12-31,2020,Hưng Yên,147340,134973,129366,123779,87506,59811,7534,0.9160648839419031,0.8780100447943532,0.8400909461110357,0.5939052531559658,0.40593864531016693,0.05113343287634044
2021-12-31,2021,Hưng Yên,143021,131274,126433,121116,89228,63075,10282,0.9178652086057292,0.8840170324637641,0.846840673747212,0.6238804091706812,0.44101915103376427,0.07189154040315758
2022-12-31,2022,Hưng Yên,128840,119474,115450,110440,82846,60380,11872,0.9273051847252406,0.8960726482458864,0.8571872089413226,0.6430145917416952,0.4686432784849426,0.09214529649177274
2023-12-31,2023,Hưng Yên,101936,93973,90680,86464,65251,48019,10812,0.9218823575576832,0.8895777742897504,0.8482184900329619,0.6401173285198556,0.4710700831894522,0.10606655156176424
2019-12-31,2019,Hải Dương,200923,160663,151838,144177,107279,74739,8813,0.7996247318624548,0.7557024332704568,0.7175733987647009,0.5339309088556312,0.3719783200529556,0.04386257421997482
2020-12-31,2020,Hải Dương,217114,191823,182679,174363,131018,91885,13009,0.8835128089390827,0.8413966856121669,0.803094226995956,0.6034525640907542,0.4232108477573993,0.05991783118546017
2021-12-31,2021,Hải Dương,210003,189282,181561,174745,134810,97910,17166,0.9013299810002714,0.8645638395641967,0.8321071603738994,0.6419432103350905,0.46623143478902684,0.08174168940443707
2022-12-31,2022,Hải Dương,189552,172595,166780,161073,125169,92570,18844,0.9105416983202499,0.8798641006161898,0.8497562674094707,0.6603412256267409,0.48836203258208827,0.09941335359162658
2023-12-31,2023,Hải Dương,150425,136848,132364,127550,98549,72933,16967,0.9097423965431278,0.8799335216885491,0.8479308625560911,0.6551371115173674,0.48484626890476984,0.11279375103872362
2019-12-31,2019,Hải Phòng,206618,162522,150706,139664,107515,75731,8593,0.7865820015681112,0.7293943412481003,0.6759527243512182,0.5203564065086295,0.3665266336911595,0.04158882575574248
2020-12-31,2020,Hải Phòng,243448,199603,185849,172898,133842,94697,13600,0.8198999375636686,0.763403272978213,0.7102050540567185,0.5497765436561401,0.38898245210476157,0.05586408596496993
2021-12-31,2021,Hải Phòng,242474,197089,183459,170821,134441,97569,18640,0.8128252926086921,0.756613080165296,0.7044920280112507,0.554455323044945,0.402389534548034,0.07687422156602357
2022-12-31,2022,Hải Phòng,223841,181580,169389,157117,123999,91752,21234,0.8112008077161914,0.7567380417349815,0.7019134117520919,0.553960177089988,0.40989809731014426,0.09486197792182845
2023-12-31,2023,Hải Phòng,183112,145351,134677,123591,96826,71373,19277,0.7937819476604483,0.7354897549041024,0.6749475730700336,0.528780200096116,0.38977784088426753,0.10527436760015728
2019-12-31,2019,Hậu Giang,75825,57545,52654,47647,36902,26184,2214,0.7589185624793934,0.69441477085394,0.6283811407847016,0.48667326079788986,0.34532146389713153,0.02919881305637982
2020-12-31,2020,Hậu Giang,90796,70429,64387,58958,44151,30776,2921,0.7756839508348385,0.7091391691263932,0.6493457861579806,0.48626591479800874,0.3389576633331865,0.03217102074981277
2021-12-31,2021,Hậu Giang,93550,70157,62909,57093,40914,27190,2970,0.7499412079102085,0.6724639230358097,0.6102939604489578,0.43734901122394443,0.2906467129877071,0.03174772848743987
2022-12-31,2022,Hậu Giang,85515,63941,56629,50693,34672,22251,2976,0.7477167748348243,0.6622113079576682,0.5927965853943753,0.4054493363737356,0.2601999649184354,0.03480091212068058
2023-12-31,2023,Hậu Giang,70033,50626,44130,39036,25646,15820,2442,0.7228877814744478,0.6301315094312682,0.5573943712249939,0.36619879199805805,0.22589350734653663,0.03486927591278397
2019-12-31,2019,Khánh Hòa,139683,94012,82511,62823,45837,28317,3496,0.6730382365785386,0.5907018033690571,0.44975408603767103,0.3281501685960353,0.20272330920727646,0.025028099339218086
2020-12-31,2020,Khánh Hòa,158073,117357,102695,79548,57218,35373,4877,0.7424228046535462,0.649668191278713,0.5032358467290429,0.3619720002783524,0.22377635649351882,0.03085283381728695
2021-12-31,2021,Khánh Hòa,161164,118680,103345,82318,58015,36459,6158,0.736392742796158,0.6412412201236009,0.5107716363455859,0.3599749323670299,0.22622297783624135,0.03820952570052866
2022-12-31,2022,Khánh Hòa,148179,110213,94983,73139,53522,34027,6621,0.7437828572199839,0.641001761383192,0.4935854608277826,0.3611982804580946,0.22963442863023775,0.044682444880853565
2023-12-31,2023,Khánh Hòa,120539,88299,75215,57352,42132,26918,5849,0.7325346983134089,0.6239889164502775,0.47579621533279687,0.3495300276259136,0.22331361633993976,0.04852371431652826
2019-12-31,2019,Kiên Giang,186829,135480,120717,94114,65486,40762,5194,0.7251550883428162,0.6461363064620589,0.5037440654288146,0.3505130359847775,0.21817812009912807,0.02780082321267041
2020-12-31,2020,Kiên Giang,215496,163881,147556,120118,80158,49924,6676,0.7604827931840962,0.684727326725322,0.5574024575862196,0.37196978134164904,0.2316701934142629,0.03097969335857742
2021-12-31,2021,Kiên Giang,214159,158339,139510,110911,73472,44706,6489,0.739352537133625,0.6514318800517372,0.5178909128264514,0.34307220336292193,0.20875144168585022,0.030299917351126967
2022-12-31,2022,Kiên Giang,194484,143676,125645,100173,64872,39481,6244,0.7387548590115383,0.6460428621377594,0.5150706484852224,0.33355957302400197,0.20300384607474137,0.0321054688303408
2023-12-31,2023,Kiên Giang,157463,113894,98212,76613,48749,29001,5001,0.7233064275417083,0.6237147774397795,0.48654604573772886,0.3095901894413291,0.18417660021719387,0.03175984199462731
2019-12-31,2019,Kon Tum,68652,55205,51495,48007,29884,19459,2279,0.8041280661888948,0.7500873973081629,0.6992804288294587,0.43529685952339336,0.2834440365903397,0.03319641088387811
2020-12-31,2020,Kon Tum,78608,65941,61951,58440,36194,23736,2861,0.8388586403419499,0.7881004477915734,0.7434357826175453,0.46043659678404236,0.30195399959291674,0.03639578668837777
2021-12-31,2021,Kon Tum,77629,63406,59071,55045,34534,22675,2772,0.8167823880250937,0.7609398549511136,0.7090777930927875,0.4448595241469039,0.29209444923933064,0.035708304886060624
2022-12-31,2022,Kon Tum,70784,56999,52807,48630,30238,19909,2562,0.8052525994575045,0.7460301763110307,0.6870196654611211,0.4271869349005425,0.2812641274864376,0.036194620253164556
2023-12-31,2023,Kon Tum,57650,45327,41666,38037,23012,14895,2040,0.786244579358196,0.7227406764960972,0.6597918473547268,0.3991673894189072,0.25836947094535995,0.03538594969644406
2019-12-31,2019,Lai Châu,60304,49427,47224,45265,30413,21371,2915,0.8196305386044044,0.78309896524277,0.7506135579729372,0.5043280711063942,0.35438776863889626,0.048338418678694615
2020-12-31,2020,Lai Châu,67545,58505,56250,54495,36255,25235,3363,0.8661632985417129,0.832778147901399,0.8067954696868754,0.5367532755940484,0.3736027833296321,0.049789029535864976
2021-12-31,2021,Lai Châu,64921,56724,54414,52589,34318,23588,2952,0.8737388518353075,0.8381571448375719,0.8100460559757243,0.5286116972936338,0.3633338981223333,0.045470648942560955
2022-12-31,2022,Lai Châu,57777,51082,48821,46903,29271,19491,2451,0.8841234401232324,0.8449902210222061,0.8117936202987348,0.5066202814268653,0.3373487720027,0.0424217249078353
2023-12-31,2023,Lai Châu,45914,40211,38237,36519,21436,13758,1706,0.8757895195365248,0.8327960970510084,0.7953783159820534,0.46687284923988326,0.2996471664416082,0.037156422877553684
2019-12-31,2019,Long An,155005,132738,117611,89285,66162,42100,4692,0.8563465694655011,0.7587561691558337,0.576013676978162,0.42683784394051805,0.27160414180187736,0.03026999129060353
2020-12-31,2020,Long An,152138,136452,125430,93674,67502,42172,5336,0.8968962389409615,0.8244488556442178,0.6157173092849912,0.4436892820991468,0.2771957039004062,0.035073420184306356
2021-12-31,2021,Long An,148010,134213,122540,96809,63821,39883,6044,0.9067833254509831,0.8279170326329303,0.6540706709006148,0.431193838254172,0.26946152287007635,0.040835078710897914
2022-12-31,2022,Long An,133383,124957,117400,96539,65303,43788,7313,0.9368285313720639,0.8801721358793849,0.7237728945967628,0.48959012767744015,0.32828771282697194,0.05482707691384959
2023-12-31,2023,Long An,107487,100579,94214,77272,52160,35192,6498,0.9357317629108637,0.8765152995245937,0.7188962386149023,0.4852679858959688,0.3274070352693814,0.06045382232269949
2019-12-31,2019,Lào Cai,88179,72738,68620,64731,37491,23923,2815,0.8248902799986392,0.7781898184374965,0.7340863470894431,0.42516925798659544,0.2713004230032094,0.03192370065435081
2020-12-31,2020,Lào Cai,103738,87664,83234,79188,45225,28822,3501,0.8450519578168078,0.8023482234089726,0.7633461219610943,0.4359540380574139,0.2778345447184253,0.03374848175210627
2021-12-31,2021,Lào Cai,103110,86949,82189,77824,44108,28454,3719,0.843264474832703,0.797100184269227,0.75476675395209,0.42777616138104935,0.27595771506158473,0.03606827659780817
2022-12-31,2022,Lào Cai,94053,80082,75509,71079,38421,24432,3426,0.8514560939045006,0.8028345719966402,0.7557334694268125,0.4085037159899206,0.2597684284392842,0.036426270294408473
2023-12-31,2023,Lào Cai,76215,63707,59568,55525,28620,17813,2708,0.8358853244112051,0.781578429443023,0.7285311290428393,0.3755166305845306,0.23372039624745786,0.03553106343895559
2019-12-31,2019,Lâm Đồng,143207,118446,109304,88588,54306,32215,3070,0.8270964408164405,0.7632587792496177,0.6186010460382523,0.37921330661210695,0.22495408743985978,0.02143749956356882
2020-12-31,2020,Lâm Đồng,167714,143428,132192,106907,66137,39572,4053,0.855193961148145,0.7881989577495021,0.6374363499767461,0.39434394266429756,0.2359492946325292,0.024166139976388376
2021-12-31,2021,Lâm Đồng,168277,143550,131075,105312,66269,39643,4537,0.8530577559618961,0.7789240359645109,0.625825276181534,0.3938090172750881,0.2355818085656388,0.026961498006263483
2022-12-31,2022,Lâm Đồng,152596,130721,118090,90656,58334,34460,4445,0.8566476185483237,0.7738734960287295,0.5940915882460877,0.3822773860389525,0.2258250543919893,0.029129203910980627
2023-12-31,2023,Lâm Đồng,123035,104069,92840,68151,44173,25606,3608,0.8458487422278214,0.7545820295037997,0.5539155524850652,0.3590279188848702,0.20811964075263137,0.029324988824318284
2019-12-31,2019,Lạng Sơn,88022,71955,69109,66445,47260,33301,3343,0.8174660880234487,0.7851332621390107,0.754868101156529,0.5369112267387699,0.37832587307718524,0.0379791415782418
2020-12-31,2020,Lạng Sơn,93493,82909,80235,77977,55760,39342,3991,0.8867936636967474,0.8581925919587563,0.8340410512016943,0.596408287251452,0.42080155733584335,0.04268768784828811
2021-12-31,2021,Lạng Sơn,89672,79801,77358,75065,52473,36956,4042,0.8899210455883665,0.8626773128735837,0.837106343117138,0.585165938085467,0.41212418592202693,0.04507538585065572
2022-12-31,2022,Lạng Sơn,80173,72556,70662,68847,46580,32402,3801,0.9049929527397004,0.8813690394521847,0.8587304953039053,0.5809936013371085,0.4041510234118718,0.047409975927057736
2023-12-31,2023,Lạng Sơn,64015,57334,55675,54039,34542,23321,2931,0.8956338358197298,0.8697180348355854,0.8441615246426619,0.5395922830586581,0.3643052409591502,0.045786143872529876
2019-12-31,2019,Nam Định,197699,164831,156981,148875,118428,90520,7947,0.8337472622522117,0.7940404352070571,0.7530387103627232,0.5990318615673321,0.45786776867864787,0.04019747191437488
2020-12-31,2020,Nam Định,211960,194193,187026,179977,143692,110390,11633,0.9161775806755992,0.8823645970937913,0.849108322324967,0.6779203623325155,0.5208058124174373,0.05488299679184752
2021-12-31,2021,Nam Định,206119,190566,184073,177432,142668,111272,15286,0.9245435888976756,0.8930423687287441,0.8608231167432405,0.6921632649100762,0.5398434884702527,0.07416104289269791
2022-12-31,2022,Nam Định,186873,174512,169784,163931,130276,101713,16820,0.9338534726793063,0.9085528674554376,0.8772321309124379,0.6971365579832293,0.5442894372113681,0.09000765225581009
2023-12-31,2023,Nam Định,149458,138995,134949,129702,100894,78378,14810,0.9299937106076623,0.902922560184132,0.8678157074228211,0.675065904802687,0.5244148857873114,0.09909138353249743
2019-12-31,2019,Nghệ An,406907,311787,287626,265372,197172,136007,13998,0.7662365110455215,0.706859306917797,0.6521686773636236,0.48456281164983644,0.3342459087703087,0.03440098105955415
2020-12-31,2020,Nghệ An,466051,378960,352599,329872,238899,164829,18649,0.8131298935095086,0.7565674142958603,0.7078023649772235,0.5126026979879884,0.3536715938813563,0.04001493398791119
2021-12-31,2021,Nghệ An,461353,376361,348257,324285,232358,160415,20809,0.8157766395796711,0.7548601613081524,0.7028999486293576,0.5036447145678038,0.3477055530147197,0.04510429107429669
2022-12-31,2022,Nghệ An,416297,343344,317917,294860,208097,144278,21824,0.8247573246984725,0.763678335419184,0.7082923970146314,0.4998762902447051,0.3465746810570338,0.0524241106709873
2023-12-31,2023,Nghệ An,331873,270681,249525,229828,157482,107732,17979,0.8156162146363217,0.7518689378165744,0.6925179210119534,0.4745248935586806,0.32461815212445727,0.05417433777378696
2019-12-31,2019,Ninh Bình,112698,93041,88502,84311,66493,47800,4437,0.8255780936662585,0.7853023123746651,0.748114429714813,0.5900104704608777,0.4241423982679373,0.03937070755470372
2020-12-31,2020,Ninh Bình,128098,111504,106595,102308,81250,59219,6183,0.870458555168699,0.832136333119955,0.7986697684585239,0.634280004371653,0.4622944932785836,0.048267732517291446
2021-12-31,2021,Ninh Bình,126110,109140,104618,100583,82164,61766,7863,0.8654349377527555,0.8295773531044326,0.7975814764887796,0.6515264451669178,0.489778764570613,0.06235032907778923
2022-12-31,2022,Ninh Bình,115152,100104,96451,92902,76107,58007,8577,0.8693205502292622,0.8375972627483673,0.8067771293594553,0.6609264276781992,0.5037428789773517,0.07448416006669445
2023-12-31,2023,Ninh Bình,93574,79951,76752,73543,59856,45395,7458,0.8544146878406395,0.820227841066963,0.78593412700109,0.6396648641716716,0.4851240729262402,0.07970162652018724
2019-12-31,2019,Ninh Thuận,82189,50475,46471,42998,26441,16532,1788,0.6141332781759116,0.5654162965847012,0.5231600335811362,0.32170971784545377,0.2011461387776953,0.02175473603523586
2020-12-31,2020,Ninh Thuận,88758,61168,56401,52765,31639,19552,2116,0.6891547804141599,0.6354469456274364,0.5944816241916222,0.3564636427138962,0.22028436873295928,0.023840104553955698
2021-12-31,2021,Ninh Thuận,87878,60765,55175,50795,30065,18092,1988,0.6914699924895878,0.6278590773572452,0.5780172511891486,0.3421220328182253,0.20587632854639387,0.022622271785884978
2022-12-31,2022,Ninh Thuận,78683,55561,50603,46580,26725,15869,1821,0.7061372850552216,0.6431249443971379,0.5919957297001893,0.33965405487843625,0.20168270147299924,0.02314349986655313
2023-12-31,2023,Ninh Thuận,62823,44073,39849,36335,19585,11063,1333,0.701542428728332,0.6343059070722507,0.5783709787816564,0.3117488817789663,0.17609792591885137,0.021218343600273786
2019-12-31,2019,Phú Thọ,165348,153272,149388,145623,109419,78156,8005,0.9269661562280765,0.9034763045213731,0.8807061470353437,0.6617497641338268,0.47267581101676465,0.048413044004160924
2020-12-31,2020,Phú Thọ,159446,150248,146628,143218,109826,80434,10038,0.9423127579243129,0.9196091466703461,0.8982225957377419,0.6887974612094376,0.5044591899451852,0.06295548336113795
2021-12-31,2021,Phú Thọ,151377,143778,140780,137735,106221,79009,12600,0.9498008283953309,0.929995970325743,0.909880629157666,0.7016984086089697,0.5219353006070936,0.0832358944885947
2022-12-31,2022,Phú Thọ,135873,130763,128633,126106,97207,73379,13791,0.9623913507466532,0.9467149470461387,0.9281166972098945,0.7154254340450273,0.5400557873896948,0.10149919410037314
2023-12-31,2023,Phú Thọ,107703,103101,101098,98663,75749,58138,12219,0.9572713851981839,0.9386739459439384,0.9160654763562761,0.7033137424212882,0.5397992627874804,0.1134508788056043
2019-12-31,2019,Phú Yên,101040,75501,70758,59185,39285,24768,2437,0.7472387173396675,0.7002969121140142,0.585758115597783,0.3888064133016627,0.24513064133016627,0.024119160728424387
2020-12-31,2020,Phú Yên,104306,90663,85397,73485,48217,30748,3050,0.8692021551972082,0.8187160853642168,0.7045136425517228,0.4622648745038636,0.29478649358617914,0.029240887389028435
2021-12-31,2021,Phú Yên,99998,87847,83384,74509,47840,30127,3489,0.8784875697513951,0.8338566771335427,0.7451049020980419,0.4784095681913638,0.3012760255205104,0.034890697813956276
2022-12-31,2022,Phú Yên,88685,79335,75763,68899,44719,29207,3764,0.894570671477702,0.8542932852229802,0.7768957546371991,0.5042453628009246,0.32933416023002765,0.04244235214523313
2023-12-31,2023,Phú Yên,70570,63149,60375,55711,35956,23534,3193,0.8948420008502196,0.8555335128241462,0.7894431061357517,0.5095082896414908,0.3334844834915687,0.04524585517925464
2019-12-31,2019,Quảng Bình,115225,85714,80082,74205,48376,30668,2903,0.7438837057930137,0.695005424170102,0.6440008678672163,0.41983944456498157,0.26615751789976133,0.025194185289650683
2020-12-31,2020,Quảng Bình,123719,102126,95749,89613,57272,36183,3521,0.8254673898107808,0.7739231645907257,0.7243269020926454,0.4629200042030731,0.2924611417809714,0.028459654539723083
2021-12-31,2021,Quảng Bình,120479,101332,95376,89774,57801,36686,3880,0.841076038147727,0.7916400368528955,0.745142306958059,0.47975995816698347,0.30450119937914494,0.0322047825762166
2022-12-31,2022,Quảng Bình,106873,92438,87576,82922,54734,35893,4193,0.8649331449477418,0.8194398959512693,0.7758928822059828,0.5121405780692972,0.3358472205327819,0.039233482731840595
2023-12-31,2023,Quảng Bình,85258,73379,69182,65174,41257,26762,3258,0.8606699664547608,0.8114429144479111,0.7644326632104905,0.4839076684885876,0.31389429730934343,0.03821342278730442
2019-12-31,2019,Quảng Nam,171346,138349,129341,120809,95408,67809,7869,0.8074247429178387,0.7548527540765468,0.7050587699742042,0.55681486582704,0.39574311626766895,0.04592462035880616
2020-12-31,2020,Quảng Nam,192341,165848,155880,146769,116222,82848,10419,0.8622602565235701,0.8104356325484426,0.7630666368584961,0.6042497439443488,0.4307349966985718,0.0541694178568272
2021-12-31,2021,Quảng Nam,189817,164557,154603,145941,116057,84052,12157,0.8669244588208643,0.8144844771543118,0.7688510512757024,0.6114152051712965,0.4428054389227519,0.06404589683748031
2022-12-31,2022,Quảng Nam,172441,150335,142324,134774,107748,79815,13116,0.8718054291032875,0.8253489599341224,0.7815658689058866,0.6248398002795159,0.46285396164485243,0.07606079760613775
2023-12-31,2023,Quảng Nam,139175,120822,114346,107870,85451,62890,11415,0.868130052092689,0.8215987066642716,0.7750673612358542,0.6139823962636968,0.451877133105802,0.08201904077600143
2019-12-31,2019,Quảng Ngãi,141508,112347,106224,100474,73812,50602,5429,0.7939268451253639,0.7506572066596942,0.7100234615710772,0.5216100856488679,0.35759109025638125,0.03836532210193063
2020-12-31,2020,Quảng Ngãi,162879,134707,127751,121717,90069,62609,7342,0.8270372485096299,0.7843306994762984,0.7472847942337564,0.5529810472804966,0.38438963893442374,0.045076406412121885
2021-12-31,2021,Quảng Ngãi,163756,132347,125034,118834,88949,62341,8683,0.8081963408974328,0.7635384352329075,0.7256772270939691,0.5431800972178119,0.38069444783702583,0.053024011333935854
2022-12-31,2022,Quảng Ngãi,149036,121254,114897,109383,82153,58854,10046,0.8135886631417912,0.7709345393059395,0.7339367669556349,0.5512292332054001,0.39489787702300116,0.06740653264982957
2023-12-31,2023,Quảng Ngãi,120698,97003,91590,86700,64958,46631,8747,0.8036835738786061,0.7588361033322839,0.7183217617524731,0.5381862168387215,0.38634442989941836,0.07247013206515435
2019-12-31,2019,Quảng Ninh,151852,116886,111327,106247,72726,48958,6047,0.7697363222084661,0.733128309143113,0.6996746832442114,0.4789268498274636,0.32240602692094933,0.03982166846666491
2020-12-31,2020,Quảng Ninh,149826,134389,128955,123828,86126,59021,8917,0.8969671485589951,0.8606984101557807,0.8264787153097594,0.574840147904903,0.39393029247260153,0.05951570488433249
2021-12-31,2021,Quảng Ninh,142935,130955,126223,121518,89033,64037,11733,0.9161856788050512,0.8830797215517543,0.8501626613495645,0.622891524119355,0.44801483191660546,0.08208626298667226
2022-12-31,2022,Quảng Ninh,128652,120233,116804,112855,84547,62874,13460,0.9345598980194634,0.9079066007524174,0.8772113919721419,0.6571759475173335,0.4887137393899823,0.10462332493859404
2023-12-31,2023,Quảng Ninh,103157,96389,93469,90065,67526,50626,12275,0.9343912676793625,0.906084899715967,0.8730866543230222,0.6545944531151545,0.4907665015461869,0.11899337902420583
2019-12-31,2019,Quảng Trị,74689,59605,56057,52799,40903,30002,2668,0.798042549773059,0.7505389013107686,0.706918020056501,0.5476442314129256,0.4016923509486002,0.03572145831380792
2020-12-31,2020,Quảng Trị,84516,68685,66095,63989,48394,35772,3205,0.8126863552463439,0.7820412702920158,0.757122911638033,0.572601637559752,0.4232571347437172,0.0379218136210895
2021-12-31,2021,Quảng Trị,85699,70467,64692,60165,46311,33630,3281,0.8222616366585375,0.7548746193071098,0.7020501989521465,0.5403913697942799,0.3924199815633788,0.03828516085368557
2022-12-31,2022,Quảng Trị,78077,67333,61046,56868,42847,31321,3428,0.8623922538007351,0.7818691804244527,0.728357903095662,0.548778769676089,0.4011552697977637,0.043905375462684276
2023-12-31,2023,Quảng Trị,62272,53363,47740,44026,31798,22625,2581,0.8569340955806783,0.766636690647482,0.7069951181911613,0.5106307810894142,0.3633254110996917,0.04144719938335046
2019-12-31,2019,Sóc Trăng,161996,121738,111122,94010,62855,39752,5672,0.7514876910541001,0.6859552087705869,0.580322970937554,0.388003407491543,0.24538877503148226,0.03501321020272106
2020-12-31,2020,Sóc Trăng,160590,122623,112176,95563,61630,38629,5647,0.7635780559187995,0.6985241920418457,0.5950744131016875,0.38377233949810075,0.24054424310355563,0.035164082445980446
2021-12-31,2021,Sóc Trăng,155968,115764,104126,88509,57264,36106,5570,0.7422291752154289,0.667611304883053,0.5674817911366434,0.3671522363561756,0.23149620434961019,0.03571245383668445
2022-12-31,2022,Sóc Trăng,140936,106014,95228,81839,50806,31945,5420,0.7522137707895783,0.6756825793267867,0.5806820116932508,0.36048986774138614,0.22666316625986263,0.038457172049724694
2023-12-31,2023,Sóc Trăng,112696,83908,74702,64237,39266,24468,4489,0.7445517143465606,0.6628629232625826,0.5700024845602328,0.34842407893802796,0.21711507063249805,0.03983282459004756
2019-12-31,2019,Sơn La,101230,91991,87926,84024,63325,45780,6535,0.908732589153413,0.8685765089400376,0.830030623333004,0.6255556653166058,0.45223747900819916,0.06455596167144127
2020-12-31,2020,Sơn La,78635,71237,67607,63868,48464,34365,4829,0.9059197558339162,0.8597571056145482,0.812208304190246,0.6163158898709226,0.4370191390602149,0.06141031347364405
2021-12-31,2021,Sơn La,50180,43655,40177,36587,29483,20548,2688,0.8699681147867676,0.8006576325229176,0.729115185332802,0.5875448385811081,0.40948585093662815,0.053567158230370664
2022-12-31,2022,Sơn La,23653,17715,14531,11384,11321,7299,969,0.7489536211051452,0.6143406756014036,0.48129201369805097,0.47862850378387517,0.308586648628081,0.040967319156132415
2023-12-31,2023,Sơn La,53,28,23,21,28,23,21,0.5283018867924528,0.4339622641509434,0.39622641509433965,0.5283018867924528,0.4339622641509434,0.39622641509433965
2019-12-31,2019,Thanh Hóa,307654,217000,199243,181730,129032,90237,9965,0.7053378145579124,0.6476203787371527,0.5906960416571864,0.4194062160739012,0.2933067666924532,0.03239028259018248
2020-12-31,2020,Thanh Hóa,333983,276588,259373,244040,173611,123136,15630,0.8281499357751742,0.7766053960830341,0.7306958737420767,0.519819871071282,0.3686894243120159,0.0467987891599273
2021-12-31,2021,Thanh Hóa,383589,329906,311401,295473,215575,156810,22296,0.8600507313817654,0.8118089934800007,0.7702853835746072,0.5619947391609248,0.40879691544856606,0.05812471160539014
2022-12-31,2022,Thanh Hóa,391792,349998,334227,318959,234728,173202,26281,0.8933260505574386,0.8530725486993098,0.8141028913300935,0.5991138154939356,0.44207640788990077,0.06707896026463021
2023-12-31,2023,Thanh Hóa,321854,285832,272567,258805,185474,135856,22946,0.8880796883058778,0.8468653488848982,0.8041068310476178,0.5762675001708849,0.42210443244452456,0.07129319505117226
2019-12-31,2019,Hồ Chí Minh,754492,412395,188595,53292,89237,33192,5452,0.5465863123797204,0.24996288893719218,0.07063295568408942,0.11827428256363222,0.04399251416847362,0.007226054086723252
2020-12-31,2020,Hồ Chí Minh,789321,568284,323943,137854,163805,88614,27070,0.719965641355038,0.41040717274720934,0.1746488437530485,0.20752646895242874,0.11226611226611227,0.034295299377566285
2021-12-31,2021,Hồ Chí Minh,738696,592257,384291,217634,216684,139786,51037,0.8017601286591507,0.5202288898274797,0.2946191667478909,0.2933331167354365,0.18923346004310299,0.06909066787961489
2022-12-31,2022,Hồ Chí Minh,637422,545602,391694,263111,240598,172788,68848,0.8559510026324789,0.6144971463175102,0.41277364132395805,0.3774548101571643,0.27107316659920744,0.10801007809582977
2023-12-31,2023,Hồ Chí Minh,494517,438007,335386,244543,219784,165680,67726,0.8857268809767915,0.6782092425538455,0.4945087833178637,0.4444417482108805,0.33503398265378137,0.13695383576297682
2019-12-31,2019,Thái Bình,180662,138129,129280,121071,97721,73331,5577,0.7645714095936057,0.7155904396054511,0.6701519965460363,0.5409051156302931,0.40590162845534755,0.03086980106497216
2020-12-31,2020,Thái Bình,196654,167326,158186,150073,122314,93238,8516,0.8508649709642316,0.8043874012224517,0.763132201735027,0.621975652669155,0.47412206209891483,0.04330448401761469
2021-12-31,2021,Thái Bình,194850,165441,156291,148150,122355,95039,11402,0.8490685142417244,0.8021093148575827,0.760328457788042,0.6279445727482679,0.48775468308955605,0.05851680780087246
2022-12-31,2022,Thái Bình,179098,152887,144783,137186,112649,88245,12868,0.8536499570067784,0.808400987169036,0.7659828697137879,0.6289796647645424,0.4927190700063652,0.07184893186970262
2023-12-31,2023,Thái Bình,144765,122441,115559,108754,87751,68543,11400,0.8457914551169137,0.7982523399993092,0.7512451214036542,0.6061617103581667,0.4734777052464339,0.07874831623665941
2019-12-31,2019,Thái Nguyên,114071,82143,79038,76543,64209,47957,4203,0.7201041456636657,0.6928842562965171,0.6710119136327375,0.5628862725846183,0.42041360205486056,0.03684547343321265
2020-12-31,2020,Thái Nguyên,129291,80680,77613,75104,63056,47083,4138,0.6240186865288381,0.600297004431863,0.5808911679853973,0.48770602748837893,0.36416301211994645,0.032005321329404215
2021-12-31,2021,Thái Nguyên,125079,78217,62727,56550,51499,37757,3847,0.6253407846241176,0.5014990525987576,0.4521142637852877,0.4117317855115567,0.3018652211802141,0.03075656185290896
2022-12-31,2022,Thái Nguyên,112834,76778,53795,47502,44208,32958,4681,0.6804509279117996,0.4767623234131556,0.4209901270893525,0.3917967988372299,0.29209280890511724,0.04148572238864172
2023-12-31,2023,Thái Nguyên,87908,52787,30186,24261,25043,18503,3375,0.6004800473222005,0.3433817172498521,0.27598170814942896,0.2848773717977886,0.21048141238567594,0.038392410247076486
2019-12-31,2019,Thừa Thiên Huế,137754,106128,97516,89538,64714,43079,4405,0.7704168300013067,0.707899589122639,0.649984755433599,0.46977946193939923,0.312724131422681,0.03197729285537988
2020-12-31,2020,Thừa Thiên Huế,159265,128646,119211,110976,77595,50956,5467,0.807748092801306,0.748507204972844,0.6968009292688286,0.48720685649703327,0.31994474617775404,0.03432643707029165
2021-12-31,2021,Thừa Thiên Huế,159599,126817,117343,109210,76738,50869,6330,0.7945977105119706,0.7352364363185233,0.6842774704102156,0.48081754898213647,0.31873006723099767,0.03966190264350027
2022-12-31,2022,Thừa Thiên Huế,146025,116555,108425,100824,70565,47249,6840,0.7981852422530389,0.7425098442047594,0.690457113507961,0.4832391713747646,0.32356788221195,0.04684129429892142
2023-12-31,2023,Thừa Thiên Huế,118555,93263,86512,80041,54501,35921,5718,0.7866644173590317,0.7297203829446248,0.6751381215469613,0.45971068280544897,0.30299017333726963,0.048230778963350346
2019-12-31,2019,Tiền Giang,165210,126246,115446,90981,66373,41930,4708,0.7641547121844925,0.6987833666242963,0.550699110223352,0.4017492887839719,0.25379819623509475,0.02849706434235216
2020-12-31,2020,Tiền Giang,183373,152093,140820,113384,82578,52405,6477,0.8294187257666069,0.7679429359829418,0.6183243989027829,0.45032801993750443,0.28578362136192353,0.03532144863202325
2021-12-31,2021,Tiền Giang,181439,146556,133049,107822,77615,49534,6820,0.8077425470819394,0.7332987946362138,0.5942603299180441,0.42777462397830673,0.273006354752837,0.03758839058857247
2022-12-31,2022,Tiền Giang,163353,136644,123084,95790,71241,45355,6882,0.8364951975170337,0.7534847844851335,0.5863987805549944,0.43611687572312724,0.2776502421137047,0.04212962112725203
2023-12-31,2023,Tiền Giang,132883,109805,97961,74856,57545,36751,5991,0.8263284242529142,0.7371973841650173,0.563322622156333,0.4330501268032781,0.2765666037040103,0.04508477382358917
2019-12-31,2019,Trà Vinh,115470,82244,76167,66479,44240,28579,3296,0.7122542651771023,0.6596258768511302,0.5757252966138391,0.3831298172685546,0.24750151554516325,0.0285442106174764
2020-12-31,2020,Trà Vinh,130030,99486,91710,80625,53115,34380,3995,0.7651003614550488,0.7052987772052604,0.6200492194109052,0.4084826578481889,0.2644005229562409,0.03072367915096516
2021-12-31,2021,Trà Vinh,126697,94620,85913,75944,49637,32014,4050,0.7468211559863296,0.6780981396560297,0.5994143507738936,0.3917772322943716,0.2526815946707499,0.031966029187747144
2022-12-31,2022,Trà Vinh,113167,87443,79259,70489,43154,27501,3890,0.7726899184391209,0.7003720165772708,0.6228759267277564,0.3813302464499368,0.24301253899104863,0.034373978279887245
2023-12-31,2023,Trà Vinh,90507,69542,62324,54616,32259,20249,3064,0.7683604583070923,0.6886097207950767,0.6034450374004221,0.35642546985316054,0.22372855138276598,0.033853735070215565
2019-12-31,2019,Tuyên Quang,85107,71340,67964,64539,46351,32837,3364,0.83823892276781,0.7985712103587249,0.7583277521237971,0.5446203015028142,0.3858319527183428,0.039526713431327624
2020-12-31,2020,Tuyên Quang,100724,85319,81686,78554,56213,39744,4188,0.8470573051109964,0.8109884436678448,0.7798935705492236,0.5580894325086375,0.39458321750526193,0.04157896826972717
2021-12-31,2021,Tuyên Quang,98867,82468,78392,75070,54099,38403,4351,0.8341307008405231,0.7929035977626508,0.759302901878281,0.547189658834596,0.3884309223502281,0.04400861763783669
2022-12-31,2022,Tuyên Quang,89606,74653,70838,67473,47668,33619,4164,0.8331250139499587,0.7905497399727697,0.7529964511305046,0.5319733053590161,0.37518692944668885,0.04647010244849675
2023-12-31,2023,Tuyên Quang,72268,58677,55259,52183,36111,25181,3305,0.8119361266397299,0.7646399512924116,0.7220761609564399,0.4996817401892954,0.3484391431892401,0.045732551059943546
2019-12-31,2019,Tây Ninh,115391,82891,74097,62512,46249,30704,4385,0.7183489180265359,0.6421384683380853,0.5417406903484674,0.40080248892894593,0.26608660987425364,0.03800123059857355
2020-12-31,2020,Tây Ninh,133190,101129,90603,76353,57370,38686,5973,0.7592837300097605,0.6802537728057662,0.573263758540431,0.4307380433966514,0.29045724153464975,0.04484570913732262
2021-12-31,2021,Tây Ninh,132299,96895,85292,72337,54375,36825,6244,0.7323940468181921,0.6446911919213297,0.5467690609906348,0.4110008390086093,0.2783467751078995,0.04719612393139782
2022-12-31,2022,Tây Ninh,119534,86716,76012,62746,48237,32979,6166,0.72545049943949,0.6359027557013067,0.5249217795773587,0.4035420884434554,0.2758963976776482,0.051583649840212825
2023-12-31,2023,Tây Ninh,96607,67622,58629,47283,36679,25162,5162,0.699969981471322,0.6068814889190224,0.48943658327036343,0.37967228047657003,0.2604573167575849,0.05343298104692207
2019-12-31,2019,Vĩnh Long,105386,72359,67156,58193,42490,27908,3267,0.6866092270320536,0.6372383428538895,0.5521890953257549,0.4031844837075133,0.26481695860930293,0.031000322623498378
2020-12-31,2020,Vĩnh Long,110908,86470,80774,71711,51358,34073,4362,0.7796552097233743,0.7282973275146969,0.6465809499765571,0.4630684891982544,0.30721859559274356,0.03932989504814802
2021-12-31,2021,Vĩnh Long,108124,83470,77551,69413,50382,34185,4863,0.7719840183493026,0.7172413155266176,0.6419758795457068,0.46596500314453776,0.3161647737782546,0.044976138507639374
2022-12-31,2022,Vĩnh Long,96905,76900,71694,64499,46441,31822,5132,0.7935607037820546,0.7398379856560549,0.6655900108353542,0.47924255714359426,0.32838346834528664,0.05295908363861514
2023-12-31,2023,Vĩnh Long,77512,61655,57264,51323,36524,24896,4485,0.7954252244813707,0.7387759314686758,0.6621297347507483,0.47120445866446486,0.32118897719062856,0.057862008463205696
2019-12-31,2019,Vĩnh Phúc,96458,82966,78798,74355,59214,43711,5123,0.8601256505422049,0.8169151340479794,0.7708536357793029,0.613883762881254,0.45316096124738225,0.05311119865641004
2020-12-31,2020,Vĩnh Phúc,115940,103362,99170,94961,76468,57386,7747,0.8915128514749008,0.8553562187338278,0.8190529584267725,0.6595480420907366,0.49496291185095737,0.06681904433327583
2021-12-31,2021,Vĩnh Phúc,129607,117232,113147,109058,89216,68314,10656,0.90451904603918,0.8730006866913053,0.8414514648128574,0.6883578819045267,0.5270857283942997,0.08221778144698974
2022-12-31,2022,Vĩnh Phúc,128364,118648,115381,111485,91441,70952,12197,0.9243089962917952,0.8988579352466424,0.8685067464398117,0.7123570471471752,0.5527406437942102,0.09501885263781122
2023-12-31,2023,Vĩnh Phúc,103627,94804,91851,88217,71184,54701,10706,0.9148580968280468,0.8863616625010856,0.85129358178853,0.6869252221911278,0.5278643596746022,0.10331284317793625
2019-12-31,2019,Yên Bái,86898,76657,73978,68735,42388,27935,2712,0.8821491864024489,0.8513199383184883,0.7909848327924693,0.487790282860365,0.3214688485350641,0.03120900365946282
2020-12-31,2020,Yên Bái,100054,91933,89067,82656,51533,34245,3456,0.9188338297319447,0.8901892977791992,0.8261138984948128,0.5150518719891258,0.34226517680452556,0.03454134767225698
2021-12-31,2021,Yên Bái,97169,89123,86772,82440,50925,34224,3798,0.9171958134796077,0.8930008541818892,0.8484187343700151,0.5240869001430497,0.35221109613148227,0.039086539945867506
2022-12-31,2022,Yên Bái,88227,82073,79912,75969,46997,31736,3940,0.9302481099890056,0.9057544742539132,0.8610629399163522,0.532682738844118,0.35970847926371746,0.044657531141260615
2023-12-31,2023,Yên Bái,70814,65180,63208,59827,36039,24124,3185,0.9204394611235066,0.8925918603665942,0.8448470641398593,0.5089247888835541,0.34066709972604287,0.044976981952721214
2019-12-31,2019,Điện Biên,80891,64961,61367,58835,34089,22571,2960,0.8030683265134564,0.758638167410466,0.7273367865399117,0.42141894648353956,0.27902980554078943,0.03659245157063209
2020-12-31,2020,Điện Biên,76162,69526,67358,66235,37031,24623,3271,0.9128699351382579,0.8844042961056695,0.8696594102045639,0.4862135973320028,0.32329770751818493,0.04294792678763688
2021-12-31,2021,Điện Biên,60598,56435,54768,53834,29587,19817,2566,0.9313013630812899,0.9037922043631803,0.8883791544275389,0.488250437308162,0.3270239941912274,0.042344631836034194
2022-12-31,2022,Điện Biên,45210,42381,41116,40305,20822,13734,1862,0.9374253483742535,0.9094448130944481,0.891506303915063,0.46056182260561823,0.3037823490378235,0.041185578411855786
2023-12-31,2023,Điện Biên,29991,28038,27192,26583,12027,7624,1059,0.9348804641392418,0.9066720016004801,0.8863659097729318,0.40102030609182754,0.254209596212197,0.03531059317795339
2019-12-31,2019,Đà Nẵng,113912,76039,65018,58117,46743,32731,5054,0.6675240536554533,0.5707739307535642,0.5101920780953718,0.4103430718449329,0.2873358381908842,0.044367581993117494
2020-12-31,2020,Đà Nẵng,124877,95414,83908,75813,61671,44250,8795,0.7640638388173964,0.6719251743715816,0.6071013877655613,0.49385395228905243,0.35434867910023465,0.07042930243359466
2021-12-31,2021,Đà Nẵng,132085,105830,95961,87197,71236,52310,12302,0.8012264829465874,0.7265094446757769,0.6601582314418746,0.5393193776734678,0.3960328576295567,0.09313699511678086
2022-12-31,2022,Đà Nẵng,127292,105241,96772,88468,72951,55246,14468,0.8267683750746315,0.7602363070735003,0.6950004713571944,0.5730996449109135,0.434009992772523,0.11365993149608773
2023-12-31,2023,Đà Nẵng,101694,84697,77607,70037,57756,43892,13299,0.8328613290852951,0.7631423682813145,0.6887033649969516,0.567939111452003,0.43160855114362695,0.13077467697209275
2019-12-31,2019,Đắk Lắk,259575,185085,152720,100390,58527,30637,4145,0.7130309159202542,0.5883463353558702,0.3867475681402292,0.22547240681883848,0.11802754502552248,0.015968409900799382
2020-12-31,2020,Đắk Lắk,293219,224610,189438,133060,72851,39552,5780,0.7660144806441601,0.6460631814445857,0.45379051152892547,0.24845252183521532,0.13488893966625629,0.01971222874370351
2021-12-31,2021,Đắk Lắk,286199,214989,178569,123636,71273,38812,6135,0.7511871110660764,0.6239329976694538,0.43199312366570114,0.24903301548922255,0.13561193435336952,0.021436133599348706
2022-12-31,2022,Đắk Lắk,256886,193071,157634,106210,64909,35758,6006,0.7515824139890847,0.613634063358844,0.41345188137928884,0.2526762844218836,0.1391979321566765,0.023380020709575455
2023-12-31,2023,Đắk Lắk,205611,152466,122545,80972,50201,27452,4969,0.7415264747508645,0.5960041048387489,0.39381161513732243,0.24415522515818705,0.1335142575056782,0.02416699495649552
2019-12-31,2019,Đắk Nông,91988,68494,63586,57375,32638,20379,2282,0.7445971213636561,0.6912423359568639,0.6237226594773231,0.3548071487585337,0.22153976605644216,0.024807583597860592
2020-12-31,2020,Đắk Nông,97464,82670,77076,69884,39849,25281,2965,0.8482106213576295,0.7908150701797587,0.7170237215792498,0.40885865550357053,0.2593880817532627,0.030421488960026267
2021-12-31,2021,Đắk Nông,91898,79463,74556,68848,40100,26226,3455,0.8646869355154628,0.8112907789070491,0.7491784369627196,0.43635334827743805,0.2853816187512242,0.03759603038150994
2022-12-31,2022,Đắk Nông,81318,71470,67352,62824,37445,25240,3674,0.8788952015543914,0.8282545069972208,0.7725718783049264,0.460476155340761,0.3103863843183551,0.04518064881084139
2023-12-31,2023,Đắk Nông,64103,56183,52809,49138,29538,20016,3118,0.876448840147887,0.8238147980593732,0.7665475874764052,0.46078966663026694,0.3122474767171583,0.04864046924480914
2019-12-31,2019,Đồng Nai,372499,264193,195444,99532,77539,37673,4914,0.7092448570331732,0.5246832877403698,0.26720071731736195,0.20815894807771296,0.1011358419754147,0.013191981723440868
2020-12-31,2020,Đồng Nai,419684,319037,241476,127583,97398,48964,7219,0.7601838526129183,0.5753757589043185,0.30399776975057424,0.23207460851497794,0.11666873171243126,0.017201036970673173
2021-12-31,2021,Đồng Nai,410562,310534,231598,121095,95593,48028,7666,0.7563632289398434,0.5640999410564056,0.2949493620939103,0.23283450489816399,0.11698111369293797,0.01867196671879034
2022-12-31,2022,Đồng Nai,362538,284104,204095,104156,85008,42116,7292,0.7836530239588677,0.5629616757415774,0.28729677992375974,0.23448024758783906,0.11616989115623741,0.02011375359272683
2023-12-31,2023,Đồng Nai,285315,223318,157526,78697,68809,34078,6546,0.7827068327988363,0.5521125773268142,0.2758249653891313,0.2411685330249023,0.11943991728440495,0.022943062930445297
2019-12-31,2019,Đồng Tháp,175712,124601,112138,89194,60979,37978,4960,0.7091206064469131,0.6381920415224913,0.5076147331997815,0.3470394736842105,0.21613777089783281,0.028228009470041886
2020-12-31,2020,Đồng Tháp,194562,148965,133121,104392,70500,43506,5923,0.7656428285071083,0.684208632723759,0.536548760806324,0.36235236068708176,0.2236099546674068,0.030442738047511846
2021-12-31,2021,Đồng Tháp,187053,138289,123048,98305,66684,41434,6058,0.7393038336728093,0.6578242530191978,0.5255462355589058,0.35649789097207746,0.2215094117709954,0.03238654285149129
2022-12-31,2022,Đồng Tháp,167049,129397,113795,88563,59233,36824,5924,0.7746050560015325,0.6812073104298739,0.5301618088105885,0.35458458296667444,0.22043831450652204,0.03546264868391909
2023-12-31,2023,Đồng Tháp,132745,102172,88499,66564,43929,26515,4852,0.7696862405363667,0.6666842442276545,0.5014426155410749,0.3309277185581378,0.1997438698256055,0.03655128253418208
